image_id,relative_path,filename,extension,file_size_bytes,session_guess,session_id,date_guess,quality_band,source_group,group_id,label,label_status,relation_note,candidate_groups,sequence_guess,sequence_source,sequence_confidence,width,height,image_format,read_status,sha256,side,crop_status,review_status,candidate_cluster,confirmed_identity,individual_id,split,cluster,cluster_probability
IMG_ea3c050ed8c0f117,01/70-79/05/0143_20140417_SZi_01_RAY_0010.JPG,0143_20140417_SZi_01_RAY_0010.JPG,.jpg,175948,1,1,2014-04-17,70_79,05,5.0,01_05,labeled,,,01::0143_20140417_SZi_01_RAY,filename_trailing_number,medium,768,357,JPEG,readable,cfa4f0780d1d5f2127200ba40b524508295ec295bd4971d07d489f6a4af7850c,unknown,pending,unreviewed,,,01_5.0,labeled,-1,0.0
IMG_291e2277785cff7b,01/70-79/11/0148_20140417_SZi_01_RAY_0018.JPG,0148_20140417_SZi_01_RAY_0018.JPG,.jpg,402087,1,1,2014-04-17,70_79,11,11.0,01_11,labeled,,,01::0148_20140417_SZi_01_RAY,filename_trailing_number,medium,1105,572,JPEG,readable,27729d9c18e5df33af36f5ec70137dca092c1ad231ca63aed267e68461509a01,unknown,pending,unreviewed,,,01_11.0,labeled,-1,0.0
IMG_87c7629244e02709,01/70-79/12/0333_20140417_SZi_01_RAY_0403.JPG,0333_20140417_SZi_01_RAY_0403.JPG,.jpg,107660,1,1,2014-04-17,70_79,12,12.0,01_12,labeled,,,01::0333_20140417_SZi_01_RAY,filename_trailing_number,medium,450,300,JPEG,readable,c3bf1f236eefc67b7bd07685e47e5d19701321c9ff98a3769224e29de4b9bda0,unknown,pending,unreviewed,,,01_12.0,labeled,-1,0.0
IMG_cfd8413c8fd7adb5,01/70-79/13/0351_20140417_SZi_01_RAY_0439.JPG,0351_20140417_SZi_01_RAY_0439.JPG,.jpg,481505,1,1,2014-04-17,70_79,13,13.0,01_13,labeled,,,01::0351_20140417_SZi_01_RAY,filename_trailing_number,medium,1479,524,JPEG,readable,fc70f9d068dd0bece73e60c5230d2a70b8361b8ef5f90d61a503dd74ae396fd3,unknown,pending,unreviewed,,,01_13.0,labeled,-1,0.0
IMG_79691a75f9b33de6,01/70-79/14/0341_20140417_SZi_01_RAY_0426.JPG,0341_20140417_SZi_01_RAY_0426.JPG,.jpg,413306,1,1,2014-04-17,70_79,14,14.0,01_14,labeled,,,01::0341_20140417_SZi_01_RAY,filename_trailing_number,medium,1376,496,JPEG,readable,0dd5036dff5a5afad173dfcdb568c8f0fdcfa00b4636f4ebe3a6648c73f32c4e,unknown,pending,unreviewed,,,01_14.0,labeled,0,1.0
IMG_bcf3d9dd1cb6b9e2,01/80 and above/01/0180_20140417_SZi_01_RAY_0108.JPG,0180_20140417_SZi_01_RAY_0108.JPG,.jpg,7737847,1,1,2014-04-17,80_and_above,01,1.0,01_01,labeled,,,01::0180_20140417_SZi_01_RAY,filename_trailing_number,medium,4896,3264,JPEG,readable,5abc56ac52ab4b38a9d4ea5f2982da86763d1f8fdce222698ce83657cb7bbb78,unknown,pending,unreviewed,,,01_1.0,labeled,1,0.8892780687065075
IMG_89787964d002fdf6,01/80 and above/01/0185_20140417_SZi_01_RAY_0113.JPG,0185_20140417_SZi_01_RAY_0113.JPG,.jpg,1988247,1,1,2014-04-17,80_and_above,01,1.0,01_01,labeled,,,01::0185_20140417_SZi_01_RAY,filename_trailing_number,medium,2746,1212,JPEG,readable,14fa56f795863ef1456a334836a1f6748f9ed316efe3904b871c667fa33fa248,unknown,pending,unreviewed,,,01_1.0,labeled,-1,0.0
IMG_6dc8f895e31c5f95,01/80 and above/01/0213_20140417_SZi_01_RAY_0168.JPG,0213_20140417_SZi_01_RAY_0168.JPG,.jpg,5089037,1,1,2014-04-17,80_and_above,01,1.0,01_01,labeled,,,01::0213_20140417_SZi_01_RAY,filename_trailing_number,medium,4896,3264,JPEG,readable,8552b06fefa28f93de14c1c2352f9afcd9e8c3e888b80094f038fad560403b5a,unknown,pending,unreviewed,,,01_1.0,labeled,1,0.7814496183517019
IMG_c9089614b6a55260,01/80 and above/02 （sj of 01)/0163_20140417_SZi_01_RAY_0060.JPG,0163_20140417_SZi_01_RAY_0060.JPG,.jpg,5618012,1,1,2014-04-17,80_and_above,02 （sj of 01),2.0,01_02,labeled,sj_of,,01::0163_20140417_SZi_01_RAY,filename_trailing_number,medium,4896,3264,JPEG,readable,82d926111c537df78b968d44cdd22fe1d44cc8d47c8ab9d653aa597d3a49cf7b,unknown,pending,unreviewed,,,01_2.0,labeled,1,0.9682386762628475
IMG_a1b65ba015bf8a38,01/80 and above/02 （sj of 01)/0170_20140417_SZi_01_RAY_0089.JPG,0170_20140417_SZi_01_RAY_0089.JPG,.jpg,5837471,1,1,2014-04-17,80_and_above,02 （sj of 01),2.0,01_02,labeled,sj_of,,01::0170_20140417_SZi_01_RAY,filename_trailing_number,medium,4896,3264,JPEG,readable,86b3d73edaf57b08c43381e6a8830ce0a5c945aa5beb13325af8814ed5b4912a,unknown,pending,unreviewed,,,01_2.0,labeled,1,0.9682386762628475
IMG_cc62dbd148e58905,01/80 and above/02 （sj of 01)/0171_20140417_SZi_01_RAY_0090.JPG,0171_20140417_SZi_01_RAY_0090.JPG,.jpg,1092819,1,1,2014-04-17,80_and_above,02 （sj of 01),2.0,01_02,labeled,sj_of,,01::0171_20140417_SZi_01_RAY,filename_trailing_number,medium,1899,1039,JPEG,readable,3fcb9694b884eeabb46195b03f0f0d2629e0ad0f9e0da5f723ac7bb4b1f94caf,unknown,pending,unreviewed,,,01_2.0,labeled,-1,0.0
IMG_add6681025b7e34c,01/80 and above/02 （sj of 01)/0207_20140417_SZi_01_RAY_0157.JPG,0207_20140417_SZi_01_RAY_0157.JPG,.jpg,5177978,1,1,2014-04-17,80_and_above,02 （sj of 01),2.0,01_02,labeled,sj_of,,01::0207_20140417_SZi_01_RAY,filename_trailing_number,medium,4896,3264,JPEG,readable,03c46a25fc712d8015f21bcba74db98c623ad63054411fe6103a47e95248f7d0,unknown,pending,unreviewed,,,01_2.0,labeled,1,0.9881486620574375
IMG_33d44571ee320a90,01/80 and above/02 （sj of 01)/0208_20140417_SZi_01_RAY_0158.JPG,0208_20140417_SZi_01_RAY_0158.JPG,.jpg,719934,1,1,2014-04-17,80_and_above,02 （sj of 01),2.0,01_02,labeled,sj_of,,01::0208_20140417_SZi_01_RAY,filename_trailing_number,medium,1773,740,JPEG,readable,a115ce21edcf4482496f92fb869fab10f59dc2f0efb0ed297372450ed78d919f,unknown,pending,unreviewed,,,01_2.0,labeled,-1,0.0
IMG_bf29c448b7965c34,01/80 and above/02 （sj of 01)/0209_20140417_SZi_01_RAY_0159.JPG,0209_20140417_SZi_01_RAY_0159.JPG,.jpg,5159699,1,1,2014-04-17,80_and_above,02 （sj of 01),2.0,01_02,labeled,sj_of,,01::0209_20140417_SZi_01_RAY,filename_trailing_number,medium,4896,3264,JPEG,readable,df59a6b15524d78ea3cb0ff744cbed306cd45bde191170cf94229085b75d08f2,unknown,pending,unreviewed,,,01_2.0,labeled,1,1.0
IMG_365230aff6ccf855,01/80 and above/02 （sj of 01)/0271_20140417_SZi_01_RAY_0276.JPG,0271_20140417_SZi_01_RAY_0276.JPG,.jpg,5792427,1,1,2014-04-17,80_and_above,02 （sj of 01),2.0,01_02,labeled,sj_of,,01::0271_20140417_SZi_01_RAY,filename_trailing_number,medium,4896,3264,JPEG,readable,efeb298e646c797e13340d0936f1d5f96b96e46527874b5e848ee0bdf2e955a3,unknown,pending,unreviewed,,,01_2.0,labeled,1,0.9682386762628475
IMG_efc367ab53689fa5,01/80 and above/02 （sj of 01)/0281_20140417_SZi_01_RAY_0312.JPG,0281_20140417_SZi_01_RAY_0312.JPG,.jpg,5925040,1,1,2014-04-17,80_and_above,02 （sj of 01),2.0,01_02,labeled,sj_of,,01::0281_20140417_SZi_01_RAY,filename_trailing_number,medium,4896,3264,JPEG,readable,2f73715bcabcb0000ac7fa8672e9db36757d5d34d5fcabb31c74e02fae23cfd2,unknown,pending,unreviewed,,,01_2.0,labeled,1,0.8390999137939159
IMG_a6bf15b3e23eea6f,01/80 and above/02 （sj of 01)/0282_20140417_SZi_01_RAY_0313.JPG,0282_20140417_SZi_01_RAY_0313.JPG,.jpg,5841609,1,1,2014-04-17,80_and_above,02 （sj of 01),2.0,01_02,labeled,sj_of,,01::0282_20140417_SZi_01_RAY,filename_trailing_number,medium,4896,3264,JPEG,readable,b3f72668fd3f201079ba1ccbbfcc3ac6a625751b2a451c9c9eb16457e083bfc5,unknown,pending,unreviewed,,,01_2.0,labeled,1,0.8767650767814301
IMG_0fda01828547a827,01/80 and above/03/0218_20140417_SZi_01_RAY_0174.JPG,0218_20140417_SZi_01_RAY_0174.JPG,.jpg,5330875,1,1,2014-04-17,80_and_above,03,3.0,01_03,labeled,,,01::0218_20140417_SZi_01_RAY,filename_trailing_number,medium,4896,3264,JPEG,readable,b47a287bebd859f44ea6e60973b16d430b8387fa59f309002adfa49edfce2b55,unknown,pending,unreviewed,,,01_3.0,labeled,1,0.891635277626604
IMG_6609262ac9b0bddd,01/80 and above/03/0232_20140417_SZi_01_RAY_0194.JPG,0232_20140417_SZi_01_RAY_0194.JPG,.jpg,777269,1,1,2014-04-17,80_and_above,03,3.0,01_03,labeled,,,01::0232_20140417_SZi_01_RAY,filename_trailing_number,medium,2143,637,JPEG,readable,c86a47d5f6106b5398901daef85e04dc2908c7554ae52ff327a5a12d06e8acd6,unknown,pending,unreviewed,,,01_3.0,labeled,-1,0.0
IMG_d96a692b8a5e2cd9,01/80 and above/03/0233_20140417_SZi_01_RAY_0195.JPG,0233_20140417_SZi_01_RAY_0195.JPG,.jpg,5177384,1,1,2014-04-17,80_and_above,03,3.0,01_03,labeled,,,01::0233_20140417_SZi_01_RAY,filename_trailing_number,medium,4896,3264,JPEG,readable,e546767b40a7f9023c04dc1a01fdd801f7cb0a0eefc3e6accd9a045ebd51996f,unknown,pending,unreviewed,,,01_3.0,labeled,1,1.0
IMG_9e6ec1d9efc2e117,01/80 and above/03/0406_20140417_SZi_01_RAY_0548.JPG,0406_20140417_SZi_01_RAY_0548.JPG,.jpg,998150,1,1,2014-04-17,80_and_above,03,3.0,01_03,labeled,,,01::0406_20140417_SZi_01_RAY,filename_trailing_number,medium,2063,834,JPEG,readable,ffa9da71cfabfe452f664d447791e4629b43477211f4eff781d65f10b8d2b0e6,unknown,pending,unreviewed,,,01_3.0,labeled,-1,0.0
IMG_7801983dd0c37889,01/80 and above/03/0407_20140417_SZi_01_RAY_0549.JPG,0407_20140417_SZi_01_RAY_0549.JPG,.jpg,5797326,1,1,2014-04-17,80_and_above,03,3.0,01_03,labeled,,,01::0407_20140417_SZi_01_RAY,filename_trailing_number,medium,4896,3264,JPEG,readable,986039f9f7d00d8e674f9c9786cfe08ee2404dbb09bbc6292846afdcdeaaaa62,unknown,pending,unreviewed,,,01_3.0,labeled,1,0.8684255273606727
IMG_fb51e2b2eae54f2d,01/80 and above/04/0172_20140417_SZi_01_RAY_0091.JPG,0172_20140417_SZi_01_RAY_0091.JPG,.jpg,1025185,1,1,2014-04-17,80_and_above,04,4.0,01_04,labeled,,,01::0172_20140417_SZi_01_RAY,filename_trailing_number,medium,2119,829,JPEG,readable,0c18a90936dc1521c5454510023a97a29f3be8c63bd4d98bf5d37671c6ebc814,unknown,pending,unreviewed,,,01_4.0,labeled,-1,0.0
IMG_c28c684416b5dbd8,01/80 and above/04/0236_20140417_SZi_01_RAY_0205.JPG,0236_20140417_SZi_01_RAY_0205.JPG,.jpg,781086,1,1,2014-04-17,80_and_above,04,4.0,01_04,labeled,,,01::0236_20140417_SZi_01_RAY,filename_trailing_number,medium,1877,763,JPEG,readable,f44ed36791622068404b8c88dc62f1e00ef2dc764b5ddd571743e92b288bcadf,unknown,pending,unreviewed,,,01_4.0,labeled,-1,0.0
IMG_7b1e718057af2ab3,01/80 and above/04/0259_20140417_SZi_01_RAY_0259.JPG,0259_20140417_SZi_01_RAY_0259.JPG,.jpg,5583320,1,1,2014-04-17,80_and_above,04,4.0,01_04,labeled,,,01::0259_20140417_SZi_01_RAY,filename_trailing_number,medium,4896,3264,JPEG,readable,67f879f073cbde3d4a2c8ec59d9a5ed1ea823a5687a683562b79bfa0ae0ebc46,unknown,pending,unreviewed,,,01_4.0,labeled,1,0.8416887763629033
IMG_c061217b1f39deb1,01/80 and above/04/0269_20140417_SZi_01_RAY_0272.JPG,0269_20140417_SZi_01_RAY_0272.JPG,.jpg,5645883,1,1,2014-04-17,80_and_above,04,4.0,01_04,labeled,,,01::0269_20140417_SZi_01_RAY,filename_trailing_number,medium,4896,3264,JPEG,readable,f2fb6abd56e8d1ec2088bce9adf5adb75405886cd79b65712f01d08ce8f392af,unknown,pending,unreviewed,,,01_4.0,labeled,1,0.856206114486404
IMG_ae391e2574fc9dc0,01/80 and above/05/0246_20140417_SZi_01_RAY_0234.JPG,0246_20140417_SZi_01_RAY_0234.JPG,.jpg,1523918,1,1,2014-04-17,80_and_above,05,5.0,01_05,labeled,,,01::0246_20140417_SZi_01_RAY,filename_trailing_number,medium,2634,1035,JPEG,readable,e2ed365e6f3007001118f49c0e5c324170a1093cbfaad42100b65b1eb32098de,unknown,pending,unreviewed,,,01_5.0,labeled,0,1.0
IMG_7cad6c99eaf7ed2b,01/80 and above/06/0249_20140417_SZi_01_RAY_0237.JPG,0249_20140417_SZi_01_RAY_0237.JPG,.jpg,865843,1,1,2014-04-17,80_and_above,06,6.0,01_06,labeled,,,01::0249_20140417_SZi_01_RAY,filename_trailing_number,medium,1689,852,JPEG,readable,9ef1a4735bd06fa03cd016acb4582b3bcc448ded78ae117575ec8f98de5b3df7,unknown,pending,unreviewed,,,01_6.0,labeled,-1,0.0
IMG_f57b55836d4dabc0,01/80 and above/07/0300_20140417_SZi_01_RAY_0340.JPG,0300_20140417_SZi_01_RAY_0340.JPG,.jpg,1346495,1,1,2014-04-17,80_and_above,07,7.0,01_07,labeled,,,01::0300_20140417_SZi_01_RAY,filename_trailing_number,medium,2508,815,JPEG,readable,8ecebdf42f00553c8664c554a47e243545482227c1baab7daa4f574ac63a385f,unknown,pending,unreviewed,,,01_7.0,labeled,-1,0.0
IMG_4e11a152cf6d0958,01/80 and above/08/0316_20140417_SZi_01_RAY_0364.JPG,0316_20140417_SZi_01_RAY_0364.JPG,.jpg,5609750,1,1,2014-04-17,80_and_above,08,8.0,01_08,labeled,,,01::0316_20140417_SZi_01_RAY,filename_trailing_number,medium,4896,3264,JPEG,readable,8f8296b75de2d0d2cae9c643cb39cbfad916a9c509c06873d9b3d38b48ef0dc7,unknown,pending,unreviewed,,,01_8.0,labeled,1,0.8928658351804885
IMG_911bee6b3260a458,01/80 and above/08/0390_20140417_SZi_01_RAY_0507.JPG,0390_20140417_SZi_01_RAY_0507.JPG,.jpg,798336,1,1,2014-04-17,80_and_above,08,8.0,01_08,labeled,,,01::0390_20140417_SZi_01_RAY,filename_trailing_number,medium,1750,768,JPEG,readable,c184a0481b774e0eb777548470f3305d31f402ad0e3907ce18df1fa72e3f268a,unknown,pending,unreviewed,,,01_8.0,labeled,1,0.8974067767680691
IMG_a3c715cc80ef44d8,01/80 and above/09/0395_20140417_SZi_01_RAY_0518.JPG,0395_20140417_SZi_01_RAY_0518.JPG,.jpg,443151,1,1,2014-04-17,80_and_above,09,9.0,01_09,labeled,,,01::0395_20140417_SZi_01_RAY,filename_trailing_number,medium,1572,483,JPEG,readable,a6941e8db232d7a918b2acc2cf23a920e13d06cae475a0ccd850ff47e5444982,unknown,pending,unreviewed,,,01_9.0,labeled,-1,0.0
IMG_31846f0fbdb9d981,01/80 and above/10/0394_20140417_SZi_01_RAY_0517.JPG,0394_20140417_SZi_01_RAY_0517.JPG,.jpg,903225,1,1,2014-04-17,80_and_above,10,10.0,01_10,labeled,,,01::0394_20140417_SZi_01_RAY,filename_trailing_number,medium,2195,731,JPEG,readable,0e855b8dc4ef98f04c2488c9d0bf54abde6c84ed9f90f4817453ff3da7ff0a0a,unknown,pending,unreviewed,,,01_10.0,labeled,0,1.0
IMG_21849abd415a990c,03/70-79/21/0144_20140417_HBi_03_RAY_0631.JPG,0144_20140417_HBi_03_RAY_0631.JPG,.jpg,269160,3,3,2014-04-17,70_79,21,21.0,03_21,labeled,,,03::0144_20140417_HBi_03_RAY,filename_trailing_number,medium,997,398,JPEG,readable,fef485437e70464dbe011ab05d506b929abd42d02ef6af9c0078210ac3ddd284,unknown,pending,unreviewed,,,03_21.0,labeled,-1,0.0
IMG_2b06f0167eb7b587,03/70-79/21/0157_20140417_HBi_03_RAY_0653.JPG,0157_20140417_HBi_03_RAY_0653.JPG,.jpg,6001376,3,3,2014-04-17,70_79,21,21.0,03_21,labeled,,,03::0157_20140417_HBi_03_RAY,filename_trailing_number,medium,4896,3264,JPEG,readable,56a053191308a9d9687812d39e3ce2a1a8d27588dabe67786454aaab6ba0163b,unknown,pending,unreviewed,,,03_21.0,labeled,-1,0.0
IMG_8037c1a834d995e4,03/70-79/21/0181_20140417_HBi_03_RAY_0690.JPG,0181_20140417_HBi_03_RAY_0690.JPG,.jpg,282286,3,3,2014-04-17,70_79,21,21.0,03_21,labeled,,,03::0181_20140417_HBi_03_RAY,filename_trailing_number,medium,895,454,JPEG,readable,ed14375946014a0a6415ae047a3404058a523c6d65db735e782fc51d13479ca1,unknown,pending,unreviewed,,,03_21.0,labeled,-1,0.0
IMG_caa2f160f554a749,03/70-79/22/0164_20140417_HBi_03_RAY_0665.JPG,0164_20140417_HBi_03_RAY_0665.JPG,.jpg,429476,3,3,2014-04-17,70_79,22,22.0,03_22,labeled,,,03::0164_20140417_HBi_03_RAY,filename_trailing_number,medium,1212,525,JPEG,readable,cdb1423a9113926efa82096a82b5356680dcfb4449b901ea089b1b274014e4f4,unknown,pending,unreviewed,,,03_22.0,labeled,-1,0.0
IMG_fa230d075481bb76,03/70-79/23/0504_20140417_HBi_03_RAY_1242.JPG,0504_20140417_HBi_03_RAY_1242.JPG,.jpg,675673,3,3,2014-04-17,70_79,23,23.0,03_23,labeled,,,03::0504_20140417_HBi_03_RAY,filename_trailing_number,medium,1555,635,JPEG,readable,58f5f8f074ed91faed3397b31269a567b719732d53d208aa5f400637cf370c79,unknown,pending,unreviewed,,,03_23.0,labeled,-1,0.0
IMG_796f42e08ecf0865,03/70-79/23/0798_20140417_HBi_03_RAY_1811.JPG,0798_20140417_HBi_03_RAY_1811.JPG,.jpg,1055708,3,3,2014-04-17,70_79,23,23.0,03_23,labeled,,,03::0798_20140417_HBi_03_RAY,filename_trailing_number,medium,2343,693,JPEG,readable,1371c677d023ebad8ec807c9efbb35e64f7b5d3b097309603597ede9767f771a,unknown,pending,unreviewed,,,03_23.0,labeled,-1,0.0
IMG_37548991b9872187,03/70-79/26/0146_20140417_HBi_03_RAY_2025.JPG,0146_20140417_HBi_03_RAY_2025.JPG,.jpg,2655854,3,3,2014-04-17,70_79,26,26.0,03_26,labeled,,,03::0146_20140417_HBi_03_RAY,filename_trailing_number,medium,3447,1587,JPEG,readable,a5dad8899704b8f152bcf2776bd4b6a692457962c4be8abcef4180798b2e5682,unknown,pending,unreviewed,,,03_26.0,labeled,-1,0.0
IMG_bc4453d9ee311912,03/70-79/26/0147_20140417_HBi_03_RAY_2026.JPG,0147_20140417_HBi_03_RAY_2026.JPG,.jpg,1964579,3,3,2014-04-17,70_79,26,26.0,03_26,labeled,,,03::0147_20140417_HBi_03_RAY,filename_trailing_number,medium,2779,1470,JPEG,readable,1aaec7fd41631d49c5cfb5d01efa34a14b9f852a1f2616a973ccfa6cb50da71d,unknown,pending,unreviewed,,,03_26.0,labeled,1,0.7915110167574791
IMG_34d871e8dadbe89a,03/70-79/28/0162_20140417_HBi_03_RAY_2090.JPG,0162_20140417_HBi_03_RAY_2090.JPG,.jpg,1708694,3,3,2014-04-17,70_79,28,28.0,03_28,labeled,,,03::0162_20140417_HBi_03_RAY,filename_trailing_number,medium,2680,932,JPEG,readable,89b3a6280a43feb9b7aaff708ea6780076f134ef96617bcfc04ecc14a25ff78a,unknown,pending,unreviewed,,,03_28.0,labeled,-1,0.0
IMG_7eb127fe209a0236,03/70-79/29/0164_20140417_HBi_03_RAY_2093.JPG,0164_20140417_HBi_03_RAY_2093.JPG,.jpg,382792,3,3,2014-04-17,70_79,29,29.0,03_29,labeled,,,03::0164_20140417_HBi_03_RAY,filename_trailing_number,medium,1147,487,JPEG,readable,ebad7c14289f22dd338440deff43b67c4dd1589024d04ba88a52386d59a227c6,unknown,pending,unreviewed,,,03_29.0,labeled,0,0.9979717290367397
IMG_e1bac6b4486a6ebe,03/70-79/30/0165_20140417_HBi_03_RAY_2100.JPG,0165_20140417_HBi_03_RAY_2100.JPG,.jpg,398144,3,3,2014-04-17,70_79,30,30.0,03_30,labeled,,,03::0165_20140417_HBi_03_RAY,filename_trailing_number,medium,1389,422,JPEG,readable,7681e63aab590423aebe1c3e67aa726e4edccb10dffe827b7aa322e4af627fe9,unknown,pending,unreviewed,,,03_30.0,labeled,-1,0.0
IMG_756e6442e70bbb4f,03/80 and above/01/0141_20140417_HBi_03_RAY_0684.JPG,0141_20140417_HBi_03_RAY_0684.JPG,.jpg,738005,3,3,2014-04-17,80_and_above,01,1.0,03_01,labeled,,,03::0141_20140417_HBi_03_RAY,filename_trailing_number,medium,1820,754,JPEG,readable,84f63f4790cd2284dde4563cbb89b8710d95c0feb7549f27da24234a8899f7b9,unknown,pending,unreviewed,,,03_1.0,labeled,-1,0.0
IMG_a709803aa29ba81a,03/80 and above/01/0178_20140417_HBi_03_RAY_0685.JPG,0178_20140417_HBi_03_RAY_0685.JPG,.jpg,4873020,3,3,2014-04-17,80_and_above,01,1.0,03_01,labeled,,,03::0178_20140417_HBi_03_RAY,filename_trailing_number,medium,4896,3264,JPEG,readable,a03fdbcd0a709cf2a6e8f31c8d1f5ba3229e7f4db65c687a3c8635e0ff645a75,unknown,pending,unreviewed,,,03_1.0,labeled,1,0.8373055059885847
IMG_e6c01595ce3ac10f,03/80 and above/02/0200_20140417_HBi_03_RAY_0726.JPG,0200_20140417_HBi_03_RAY_0726.JPG,.jpg,5746097,3,3,2014-04-17,80_and_above,02,2.0,03_02,labeled,,,03::0200_20140417_HBi_03_RAY,filename_trailing_number,medium,4896,3264,JPEG,readable,761227f9ffd0203a41db6b7989716fbbc766502b4c9ab41ffe14ae2d4ef024c7,unknown,pending,unreviewed,,,03_2.0,labeled,1,0.7899068957478376
IMG_114077120d0a2d98,03/80 and above/02/0201_20140417_HBi_03_RAY_0728.JPG,0201_20140417_HBi_03_RAY_0728.JPG,.jpg,5510776,3,3,2014-04-17,80_and_above,02,2.0,03_02,labeled,,,03::0201_20140417_HBi_03_RAY,filename_trailing_number,medium,4896,3264,JPEG,readable,c92bceb9ae9bf80680cb16b7ef0114bb1b541ad9ae2b7d7b252c3e1cb42107da,unknown,pending,unreviewed,,,03_2.0,labeled,1,0.9350066039822104
IMG_9e047d15e1fd2ddb,03/80 and above/02/0214_20140417_HBi_03_RAY_0763.JPG,0214_20140417_HBi_03_RAY_0763.JPG,.jpg,6433769,3,3,2014-04-17,80_and_above,02,2.0,03_02,labeled,,,03::0214_20140417_HBi_03_RAY,filename_trailing_number,medium,4896,3264,JPEG,readable,db12587f85ca906a0d33349ce8dee22082c32f4c5a2902a743f65376f66e379e,unknown,pending,unreviewed,,,03_2.0,labeled,1,0.8415694595779943
IMG_dd178000d5df56dc,03/80 and above/02/0215_20140417_HBi_03_RAY_0764.JPG,0215_20140417_HBi_03_RAY_0764.JPG,.jpg,4279653,3,3,2014-04-17,80_and_above,02,2.0,03_02,labeled,,,03::0215_20140417_HBi_03_RAY,filename_trailing_number,medium,4242,1839,JPEG,readable,d07e098992ef66efc8b57efaa1027153f8477a86321636b88c5e7f68d850bfdb,unknown,pending,unreviewed,,,03_2.0,labeled,-1,0.0
IMG_f6a06551b419c8d3,03/80 and above/02/0216_20140417_HBi_03_RAY_0765.JPG,0216_20140417_HBi_03_RAY_0765.JPG,.jpg,6582383,3,3,2014-04-17,80_and_above,02,2.0,03_02,labeled,,,03::0216_20140417_HBi_03_RAY,filename_trailing_number,medium,4896,3264,JPEG,readable,64b136b8242b86883c21fa3cc674fb93afe1e52193ac288f301b1aad8c99507a,unknown,pending,unreviewed,,,03_2.0,labeled,1,1.0
IMG_5171549ee9022d18,03/80 and above/02/0222_20140417_HBi_03_RAY_0778.JPG,0222_20140417_HBi_03_RAY_0778.JPG,.jpg,5204804,3,3,2014-04-17,80_and_above,02,2.0,03_02,labeled,,,03::0222_20140417_HBi_03_RAY,filename_trailing_number,medium,4896,3264,JPEG,readable,d6f97f29454be96e55a49ba8dfc8c351db9b40800e3cde490a95716304904fe5,unknown,pending,unreviewed,,,03_2.0,labeled,1,0.8325977945901251
IMG_899eab175cf11e80,03/80 and above/02/0250_20140417_HBi_03_RAY_0830.JPG,0250_20140417_HBi_03_RAY_0830.JPG,.jpg,5290297,3,3,2014-04-17,80_and_above,02,2.0,03_02,labeled,,,03::0250_20140417_HBi_03_RAY,filename_trailing_number,medium,4896,3264,JPEG,readable,4e3f60507bcab295f2e5fff82bc3213f10c09837bacfb742d02bc32716e6cd3a,unknown,pending,unreviewed,,,03_2.0,labeled,1,1.0
IMG_93581bef499b37df,03/80 and above/02/0251_20140417_HBi_03_RAY_0831.JPG,0251_20140417_HBi_03_RAY_0831.JPG,.jpg,5252668,3,3,2014-04-17,80_and_above,02,2.0,03_02,labeled,,,03::0251_20140417_HBi_03_RAY,filename_trailing_number,medium,4896,3264,JPEG,readable,7f6426e19edca4713c61728589008435f9c4dc12310de489f0ecf4a4684d2ebb,unknown,pending,unreviewed,,,03_2.0,labeled,1,1.0
IMG_03193f6c99f32e8b,03/80 and above/02/0257_20140417_HBi_03_RAY_0849.JPG,0257_20140417_HBi_03_RAY_0849.JPG,.jpg,5040551,3,3,2014-04-17,80_and_above,02,2.0,03_02,labeled,,,03::0257_20140417_HBi_03_RAY,filename_trailing_number,medium,4896,3264,JPEG,readable,b1e70582495cb6771ddf0e924ca8c463c66f904206c45f591d3da769df3af9d4,unknown,pending,unreviewed,,,03_2.0,labeled,1,0.8814196992346496
IMG_2ec9b729c3047f30,03/80 and above/02/0258_20140417_HBi_03_RAY_0850.JPG,0258_20140417_HBi_03_RAY_0850.JPG,.jpg,5146164,3,3,2014-04-17,80_and_above,02,2.0,03_02,labeled,,,03::0258_20140417_HBi_03_RAY,filename_trailing_number,medium,4896,3264,JPEG,readable,069ee6d580f853fd4a634b11fc45aca3c44da52d7f83cdc145b05bc81fc5f38d,unknown,pending,unreviewed,,,03_2.0,labeled,1,0.9998892163831453
IMG_2615c5de94cf0ab6,03/80 and above/02/0259_20140417_HBi_03_RAY_0851.JPG,0259_20140417_HBi_03_RAY_0851.JPG,.jpg,5108433,3,3,2014-04-17,80_and_above,02,2.0,03_02,labeled,,,03::0259_20140417_HBi_03_RAY,filename_trailing_number,medium,4896,3264,JPEG,readable,7912fa2d13572924dc9b07d89a4e2459a3daf74ffbee867a74ca22e8e436df57,unknown,pending,unreviewed,,,03_2.0,labeled,1,0.776472540787011
IMG_f914119441e6fbfc,03/80 and above/02/0325_20140417_HBi_03_RAY_0936.JPG,0325_20140417_HBi_03_RAY_0936.JPG,.jpg,4858569,3,3,2014-04-17,80_and_above,02,2.0,03_02,labeled,,,03::0325_20140417_HBi_03_RAY,filename_trailing_number,medium,4896,3264,JPEG,readable,4db02d83ade6bc9375aaf39dc5159581f6faaf09a14eeb3e754b73720aa872b8,unknown,pending,unreviewed,,,03_2.0,labeled,-1,0.0
IMG_6093a75e3e14d5df,03/80 and above/02/0489_20140417_HBi_03_RAY_1223.JPG,0489_20140417_HBi_03_RAY_1223.JPG,.jpg,6365113,3,3,2014-04-17,80_and_above,02,2.0,03_02,labeled,,,03::0489_20140417_HBi_03_RAY,filename_trailing_number,medium,4896,3264,JPEG,readable,4de6549da8192c11880e8c3332f5663e6d095aef8582151e4ef12464ce251eb7,unknown,pending,unreviewed,,,03_2.0,labeled,1,1.0
IMG_2d5a71d4a5613a7a,03/80 and above/02/0490_20140417_HBi_03_RAY_1224.JPG,0490_20140417_HBi_03_RAY_1224.JPG,.jpg,6404027,3,3,2014-04-17,80_and_above,02,2.0,03_02,labeled,,,03::0490_20140417_HBi_03_RAY,filename_trailing_number,medium,4896,3264,JPEG,readable,b2f9d3a10bab5440243731debbcb470cb0c5e1ffc67106cf9b5d309ec0b1ac08,unknown,pending,unreviewed,,,03_2.0,labeled,1,1.0
IMG_9935b9839e10b78b,03/80 and above/02/0497_20140417_HBi_03_RAY_1235.JPG,0497_20140417_HBi_03_RAY_1235.JPG,.jpg,6601727,3,3,2014-04-17,80_and_above,02,2.0,03_02,labeled,,,03::0497_20140417_HBi_03_RAY,filename_trailing_number,medium,4896,3264,JPEG,readable,862caff5b3d9a2dfcbe3a373da86a3ac62ca70522326a1376bfce9f7496a6be7,unknown,pending,unreviewed,,,03_2.0,labeled,1,0.9802572892318154
IMG_a3430090c4ce7a3b,03/80 and above/02/0498_20140417_HBi_03_RAY_1236.JPG,0498_20140417_HBi_03_RAY_1236.JPG,.jpg,4036267,3,3,2014-04-17,80_and_above,02,2.0,03_02,labeled,,,03::0498_20140417_HBi_03_RAY,filename_trailing_number,medium,4444,1572,JPEG,readable,1d8cc8cb679a252f0a82b3b7ac0aefc5fa029f9fcc9035509a3b6d3c30d5238b,unknown,pending,unreviewed,,,03_2.0,labeled,2,1.0
IMG_959dea87d88a6be9,03/80 and above/02/0499_20140417_HBi_03_RAY_1237.JPG,0499_20140417_HBi_03_RAY_1237.JPG,.jpg,6822603,3,3,2014-04-17,80_and_above,02,2.0,03_02,labeled,,,03::0499_20140417_HBi_03_RAY,filename_trailing_number,medium,4896,3264,JPEG,readable,a823873c6a73b34b529bb0092e6150019b7aec242021c59066bb1f83e98a4461,unknown,pending,unreviewed,,,03_2.0,labeled,1,0.9562714019600393
IMG_82a50ed5faf285df,03/80 and above/03/0157_20140417_HBi_03_RAY_2079.JPG,0157_20140417_HBi_03_RAY_2079.JPG,.jpg,6531464,3,3,2014-04-17,80_and_above,03,3.0,03_03,labeled,,,03::0157_20140417_HBi_03_RAY,filename_trailing_number,medium,4878,2737,JPEG,readable,aa5c2b2b5a8e85ba9f84f79f4b7398266ece9d9c7ed442c177a355d18e2cc7e8,unknown,pending,unreviewed,,,03_3.0,labeled,1,0.7807418734183575
IMG_b4918b6dda4fbd89,03/80 and above/03/0206_20140417_HBi_03_RAY_0741.JPG,0206_20140417_HBi_03_RAY_0741.JPG,.jpg,5724086,3,3,2014-04-17,80_and_above,03,3.0,03_03,labeled,,,03::0206_20140417_HBi_03_RAY,filename_trailing_number,medium,4896,3264,JPEG,readable,4b09e9fbd6121a112dc2e39c5d7eeaee7172f50e281002928db22f605128e1d4,unknown,pending,unreviewed,,,03_3.0,labeled,-1,0.0
IMG_c848237760038bbf,03/80 and above/03/0230_20140417_HBi_03_RAY_0796.JPG,0230_20140417_HBi_03_RAY_0796.JPG,.jpg,4893588,3,3,2014-04-17,80_and_above,03,3.0,03_03,labeled,,,03::0230_20140417_HBi_03_RAY,filename_trailing_number,medium,4896,3264,JPEG,readable,15d4bacc2549d0770604938ec24c6308965b31a41230718584f025d4edb82e62,unknown,pending,unreviewed,,,03_3.0,labeled,1,0.9812692454157866
IMG_85a1df455dd25f66,03/80 and above/03/0240_20140417_HBi_03_RAY_0815.JPG,0240_20140417_HBi_03_RAY_0815.JPG,.jpg,5177393,3,3,2014-04-17,80_and_above,03,3.0,03_03,labeled,,,03::0240_20140417_HBi_03_RAY,filename_trailing_number,medium,4896,3264,JPEG,readable,ba1f016004e8b24177ab4d909a4140fd0a0ec54a0ecd9d941a61c71e668354c9,unknown,pending,unreviewed,,,03_3.0,labeled,1,0.998084242811516
IMG_aade277476cfab5c,03/80 and above/03/0241_20140417_HBi_03_RAY_0816.JPG,0241_20140417_HBi_03_RAY_0816.JPG,.jpg,5123981,3,3,2014-04-17,80_and_above,03,3.0,03_03,labeled,,,03::0241_20140417_HBi_03_RAY,filename_trailing_number,medium,4896,3264,JPEG,readable,d5d36e9b66b1b180416f29a61f5531de86b8579a8495a310778cfaeb51c47690,unknown,pending,unreviewed,,,03_3.0,labeled,1,1.0
IMG_1c67b02ae9b59108,03/80 and above/03/0242_20140417_HBi_03_RAY_0817.JPG,0242_20140417_HBi_03_RAY_0817.JPG,.jpg,4917723,3,3,2014-04-17,80_and_above,03,3.0,03_03,labeled,,,03::0242_20140417_HBi_03_RAY,filename_trailing_number,medium,4896,3264,JPEG,readable,3f7c28ea19f5b06e42ce7249982c2db0ecafaa4156eb292a509c2b6af1b64c33,unknown,pending,unreviewed,,,03_3.0,labeled,1,0.9401666279719468
IMG_3d7bf72908e59499,03/80 and above/03/0246_20140417_HBi_03_RAY_0826.JPG,0246_20140417_HBi_03_RAY_0826.JPG,.jpg,5405579,3,3,2014-04-17,80_and_above,03,3.0,03_03,labeled,,,03::0246_20140417_HBi_03_RAY,filename_trailing_number,medium,4896,3264,JPEG,readable,619f6c5d86e80984461dc3353c97db10199547f9102477cafe055c8d4d7f3498,unknown,pending,unreviewed,,,03_3.0,labeled,1,1.0
IMG_5fc2f2b7ba500dab,03/80 and above/03/0247_20140417_HBi_03_RAY_0827.JPG,0247_20140417_HBi_03_RAY_0827.JPG,.jpg,5339888,3,3,2014-04-17,80_and_above,03,3.0,03_03,labeled,,,03::0247_20140417_HBi_03_RAY,filename_trailing_number,medium,4896,3264,JPEG,readable,8b11ae7fdbba3d6ad9b0f8396fd85e67757f0cce16a56c7969dfbd10819f1a15,unknown,pending,unreviewed,,,03_3.0,labeled,1,0.9470520861121973
IMG_3c1c5ee868b49ff2,03/80 and above/03/0248_20140417_HBi_03_RAY_0828.JPG,0248_20140417_HBi_03_RAY_0828.JPG,.jpg,5180589,3,3,2014-04-17,80_and_above,03,3.0,03_03,labeled,,,03::0248_20140417_HBi_03_RAY,filename_trailing_number,medium,4896,3264,JPEG,readable,f6370f229a87ec262c41db69b7dd80bc1d733edc4f627d6f707b75a99c8c2e32,unknown,pending,unreviewed,,,03_3.0,labeled,1,0.9812692454157866
IMG_59e35a6728f49f9b,03/80 and above/03/0260_20140417_HBi_03_RAY_0852.JPG,0260_20140417_HBi_03_RAY_0852.JPG,.jpg,5773389,3,3,2014-04-17,80_and_above,03,3.0,03_03,labeled,,,03::0260_20140417_HBi_03_RAY,filename_trailing_number,medium,4896,3264,JPEG,readable,0d5264b80712a85a85aab3287cb2806dd96f5c7645782c2e89f488a48fcad70d,unknown,pending,unreviewed,,,03_3.0,labeled,1,0.8499527910129504
IMG_ed8f4661bbbe6d5c,03/80 and above/03/0261_20140417_HBi_03_RAY_0853.JPG,0261_20140417_HBi_03_RAY_0853.JPG,.jpg,5786848,3,3,2014-04-17,80_and_above,03,3.0,03_03,labeled,,,03::0261_20140417_HBi_03_RAY,filename_trailing_number,medium,4896,3264,JPEG,readable,b7166dc8ccc3a1f94addd7eca486d1f988fab9b86fd3c8c3b196169561f9e33e,unknown,pending,unreviewed,,,03_3.0,labeled,1,1.0
IMG_b741dc5a87e88d17,03/80 and above/03/0271_20140417_HBi_03_RAY_0866.JPG,0271_20140417_HBi_03_RAY_0866.JPG,.jpg,5529874,3,3,2014-04-17,80_and_above,03,3.0,03_03,labeled,,,03::0271_20140417_HBi_03_RAY,filename_trailing_number,medium,4896,3264,JPEG,readable,4c26a66ee7a1cb0334a3133fd3c640ec5e996e2f20636694736a4b7df00642e2,unknown,pending,unreviewed,,,03_3.0,labeled,1,1.0
IMG_22c1d1571bf40f38,03/80 and above/03/0280_20140417_HBi_03_RAY_0880.JPG,0280_20140417_HBi_03_RAY_0880.JPG,.jpg,5011005,3,3,2014-04-17,80_and_above,03,3.0,03_03,labeled,,,03::0280_20140417_HBi_03_RAY,filename_trailing_number,medium,4896,3264,JPEG,readable,8e293db41d7d97e24b0f12264919199abf53c461fd5edd9f866e0350f2d2e5c0,unknown,pending,unreviewed,,,03_3.0,labeled,1,0.9939227468585856
IMG_90448cd333a0b216,03/80 and above/03/0281_20140417_HBi_03_RAY_0881.JPG,0281_20140417_HBi_03_RAY_0881.JPG,.jpg,4986837,3,3,2014-04-17,80_and_above,03,3.0,03_03,labeled,,,03::0281_20140417_HBi_03_RAY,filename_trailing_number,medium,4896,3264,JPEG,readable,485f5989c9a4bc2eb7007dad4b14a1c7ce9c330e7f651caee1f30aad8d17fff2,unknown,pending,unreviewed,,,03_3.0,labeled,1,0.9422602629950598
IMG_0c67105fef9f5e61,03/80 and above/03/0282_20140417_HBi_03_RAY_0882.JPG,0282_20140417_HBi_03_RAY_0882.JPG,.jpg,5083548,3,3,2014-04-17,80_and_above,03,3.0,03_03,labeled,,,03::0282_20140417_HBi_03_RAY,filename_trailing_number,medium,4896,3264,JPEG,readable,109c927e8c61f5d94b3bdd072f49acb72ed8303e0e337efa74bb49b3736192d5,unknown,pending,unreviewed,,,03_3.0,labeled,1,0.9215471431021441
IMG_2b7e1f460614d568,03/80 and above/03/0301_20140417_HBi_03_RAY_0903.JPG,0301_20140417_HBi_03_RAY_0903.JPG,.jpg,5711536,3,3,2014-04-17,80_and_above,03,3.0,03_03,labeled,,,03::0301_20140417_HBi_03_RAY,filename_trailing_number,medium,4896,3264,JPEG,readable,a0a559a7209ac7a3a6636a36d65f689c3765c8e7d2d1c276e9157e1f338b9180,unknown,pending,unreviewed,,,03_3.0,labeled,1,0.9446584790122827
IMG_0e03c96e3860a20c,03/80 and above/03/0302_20140417_HBi_03_RAY_0904.JPG,0302_20140417_HBi_03_RAY_0904.JPG,.jpg,5820073,3,3,2014-04-17,80_and_above,03,3.0,03_03,labeled,,,03::0302_20140417_HBi_03_RAY,filename_trailing_number,medium,4896,3264,JPEG,readable,8bb928fd1b400f1f454c67d4db7042b7157ae4f9ea2700122791e9c40caa2604,unknown,pending,unreviewed,,,03_3.0,labeled,1,1.0
IMG_b47a7d1dba914893,03/80 and above/03/0313_20140417_HBi_03_RAY_0917.JPG,0313_20140417_HBi_03_RAY_0917.JPG,.jpg,5622265,3,3,2014-04-17,80_and_above,03,3.0,03_03,labeled,,,03::0313_20140417_HBi_03_RAY,filename_trailing_number,medium,4896,3264,JPEG,readable,5028b5ccb69e18a7b7803c127b5f75c134e70643a2468def2978da3c8b611ad4,unknown,pending,unreviewed,,,03_3.0,labeled,1,0.9464932769545394
IMG_831009435c1b2124,03/80 and above/03/0314_20140417_HBi_03_RAY_0918.JPG,0314_20140417_HBi_03_RAY_0918.JPG,.jpg,5410174,3,3,2014-04-17,80_and_above,03,3.0,03_03,labeled,,,03::0314_20140417_HBi_03_RAY,filename_trailing_number,medium,4896,3264,JPEG,readable,59f306c23e239f66d56ae7cf174ca6f9064751175781195923452fc2e3e94c9c,unknown,pending,unreviewed,,,03_3.0,labeled,1,1.0
IMG_4856b607af778a83,03/80 and above/03/0315_20140417_HBi_03_RAY_0919.JPG,0315_20140417_HBi_03_RAY_0919.JPG,.jpg,5357857,3,3,2014-04-17,80_and_above,03,3.0,03_03,labeled,,,03::0315_20140417_HBi_03_RAY,filename_trailing_number,medium,4896,3264,JPEG,readable,0864d54a2ee6c34036bb3b3bb48f430c1f66cb7242ffaa38992953539b00f20f,unknown,pending,unreviewed,,,03_3.0,labeled,1,1.0
IMG_35c3d34f6a3506e8,03/80 and above/03/0316_20140417_HBi_03_RAY_0920.JPG,0316_20140417_HBi_03_RAY_0920.JPG,.jpg,5534184,3,3,2014-04-17,80_and_above,03,3.0,03_03,labeled,,,03::0316_20140417_HBi_03_RAY,filename_trailing_number,medium,4896,3264,JPEG,readable,c0f592658356cdb2623c48a6d8f36dd6e4247baf1ecf642c9cac84f0c2a52010,unknown,pending,unreviewed,,,03_3.0,labeled,1,1.0
IMG_33cbcc15b479c201,03/80 and above/03/0491_20140417_HBi_03_RAY_1225.JPG,0491_20140417_HBi_03_RAY_1225.JPG,.jpg,6441248,3,3,2014-04-17,80_and_above,03,3.0,03_03,labeled,,,03::0491_20140417_HBi_03_RAY,filename_trailing_number,medium,4896,3264,JPEG,readable,b22ab4da108e778949d0b82cfb2f006066a941bd3e9a959301a8fbfd3f75d7a3,unknown,pending,unreviewed,,,03_3.0,labeled,1,0.8390999137939159
IMG_bd146b01a5ab5e14,03/80 and above/03/0524_20140417_HBi_03_RAY_1265.JPG,0524_20140417_HBi_03_RAY_1265.JPG,.jpg,6635210,3,3,2014-04-17,80_and_above,03,3.0,03_03,labeled,,,03::0524_20140417_HBi_03_RAY,filename_trailing_number,medium,4896,3264,JPEG,readable,5cc5a42291fc36f291f6b78b04c6bbb4e74a555a3cd75ced3906880bcac2da6d,unknown,pending,unreviewed,,,03_3.0,labeled,1,1.0
IMG_102c379d7d6b4a9c,03/80 and above/03/0525_20140417_HBi_03_RAY_1266.JPG,0525_20140417_HBi_03_RAY_1266.JPG,.jpg,3351626,3,3,2014-04-17,80_and_above,03,3.0,03_03,labeled,,,03::0525_20140417_HBi_03_RAY,filename_trailing_number,medium,3549,1670,JPEG,readable,595acdcd7dd7f85d55dfba69a0e14ff40f82df8cc9cd6d510b24b1cd407237fe,unknown,pending,unreviewed,,,03_3.0,labeled,-1,0.0
IMG_d9d5189844371896,03/80 and above/03/0528_20140417_HBi_03_RAY_1272.JPG,0528_20140417_HBi_03_RAY_1272.JPG,.jpg,6189780,3,3,2014-04-17,80_and_above,03,3.0,03_03,labeled,,,03::0528_20140417_HBi_03_RAY,filename_trailing_number,medium,4896,3264,JPEG,readable,2eeaa046b41458f59ff1c8ceba88218974da0a76a441c9df6c5218675ff6bfdb,unknown,pending,unreviewed,,,03_3.0,labeled,-1,0.0
IMG_d5cd8fda05dc114c,03/80 and above/03/0540_20140417_HBi_03_RAY_1305.JPG,0540_20140417_HBi_03_RAY_1305.JPG,.jpg,6794827,3,3,2014-04-17,80_and_above,03,3.0,03_03,labeled,,,03::0540_20140417_HBi_03_RAY,filename_trailing_number,medium,4896,3264,JPEG,readable,4659ada208b8a01be97028d3a344bc77f92a8ec4b0ad3192e8188deb421f9ff0,unknown,pending,unreviewed,,,03_3.0,labeled,1,0.8022820437416543
IMG_8862ecab58a95486,03/80 and above/03/0657_20140417_HBi_03_RAY_1502.JPG,0657_20140417_HBi_03_RAY_1502.JPG,.jpg,6230278,3,3,2014-04-17,80_and_above,03,3.0,03_03,labeled,,,03::0657_20140417_HBi_03_RAY,filename_trailing_number,medium,4896,3264,JPEG,readable,a9c7ab720e4be22fd14dfd2e7cc0b3dbf8c90311cd116f8cff1530e25ca4cace,unknown,pending,unreviewed,,,03_3.0,labeled,-1,0.0
IMG_4362f41d356ea6e2,03/80 and above/04/0161_20140417_HBi_03_RAY_2089.JPG,0161_20140417_HBi_03_RAY_2089.JPG,.jpg,5088167,3,3,2014-04-17,80_and_above,04,4.0,03_04,labeled,,,03::0161_20140417_HBi_03_RAY,filename_trailing_number,medium,4896,3264,JPEG,readable,1f77c923855d03ff48294b86d53f167e1c23d58c805984726ec258beb1a7807d,unknown,pending,unreviewed,,,03_4.0,labeled,1,1.0
IMG_ea11e68134e91dfe,03/80 and above/04/0207_20140417_HBi_03_RAY_0755.JPG,0207_20140417_HBi_03_RAY_0755.JPG,.jpg,1625733,3,3,2014-04-17,80_and_above,04,4.0,03_04,labeled,,,03::0207_20140417_HBi_03_RAY,filename_trailing_number,medium,2596,1030,JPEG,readable,97a1e0387d8c1f5c94b65e554b279d47c4e9fb391e156c91d57050843e044f8c,unknown,pending,unreviewed,,,03_4.0,labeled,-1,0.0
IMG_03955f459165fb69,03/80 and above/04/0288_20140417_HBi_03_RAY_0888.JPG,0288_20140417_HBi_03_RAY_0888.JPG,.jpg,5548453,3,3,2014-04-17,80_and_above,04,4.0,03_04,labeled,,,03::0288_20140417_HBi_03_RAY,filename_trailing_number,medium,4896,3264,JPEG,readable,edf345515fbccb7da81c27b58c3b596ee3c8b7afb40af7df12d32bd22625becd,unknown,pending,unreviewed,,,03_4.0,labeled,1,1.0
IMG_a2990977479dc3b5,03/80 and above/04/0289_20140417_HBi_03_RAY_0889.JPG,0289_20140417_HBi_03_RAY_0889.JPG,.jpg,5371454,3,3,2014-04-17,80_and_above,04,4.0,03_04,labeled,,,03::0289_20140417_HBi_03_RAY,filename_trailing_number,medium,4896,3264,JPEG,readable,5311c8ece1e54b0ea81ae0516edfb80061c037775b5e9c5cc8ea96b0abc8354c,unknown,pending,unreviewed,,,03_4.0,labeled,1,1.0
IMG_1aa8ecf722a1755f,03/80 and above/04/0290_20140417_HBi_03_RAY_0890.JPG,0290_20140417_HBi_03_RAY_0890.JPG,.jpg,5097014,3,3,2014-04-17,80_and_above,04,4.0,03_04,labeled,,,03::0290_20140417_HBi_03_RAY,filename_trailing_number,medium,4896,3264,JPEG,readable,83465884ad8c63345964e7f290c3803b84b5c8834205a23e5fb9decf3b5cdbd6,unknown,pending,unreviewed,,,03_4.0,labeled,1,1.0
IMG_8c428ce6615f99f9,03/80 and above/04/0468_20140417_HBi_03_RAY_1189.JPG,0468_20140417_HBi_03_RAY_1189.JPG,.jpg,6348897,3,3,2014-04-17,80_and_above,04,4.0,03_04,labeled,,,03::0468_20140417_HBi_03_RAY,filename_trailing_number,medium,4896,3264,JPEG,readable,c66b76e315faf6eaca7bbb629985475ece408a4c3bcb5edade3fcb0b8040b2f5,unknown,pending,unreviewed,,,03_4.0,labeled,-1,0.0
IMG_2408579bd0486bf4,03/80 and above/04/0469_20140417_HBi_03_RAY_1190.JPG,0469_20140417_HBi_03_RAY_1190.JPG,.jpg,3592368,3,3,2014-04-17,80_and_above,04,4.0,03_04,labeled,,,03::0469_20140417_HBi_03_RAY,filename_trailing_number,medium,3601,1628,JPEG,readable,176f04483dc1255e90689becd5ea2d187a80fcebf778a9018cf8d2dd2a6cc326,unknown,pending,unreviewed,,,03_4.0,labeled,-1,0.0
IMG_3962a1dc6c4292b4,03/80 and above/04/0470_20140417_HBi_03_RAY_1191.JPG,0470_20140417_HBi_03_RAY_1191.JPG,.jpg,7001772,3,3,2014-04-17,80_and_above,04,4.0,03_04,labeled,,,03::0470_20140417_HBi_03_RAY,filename_trailing_number,medium,4896,3264,JPEG,readable,16dc8de13986e247c337656021d0629060ee7e9a050de1cccaca94e93e599e6e,unknown,pending,unreviewed,,,03_4.0,labeled,1,1.0
IMG_5f1e9d8b2178b03d,03/80 and above/05/0224_20140417_HBi_03_RAY_0782.JPG,0224_20140417_HBi_03_RAY_0782.JPG,.jpg,1370692,3,3,2014-04-17,80_and_above,05,5.0,03_05,labeled,,,03::0224_20140417_HBi_03_RAY,filename_trailing_number,medium,2372,1048,JPEG,readable,e5f1ff7e624bfa66cb2a610c30e731ff8a136f90d5d5b20e5e7cf3522a75ccae,unknown,pending,unreviewed,,,03_5.0,labeled,-1,0.0
IMG_3e828dc68c7d0898,03/80 and above/05/0236_20140417_HBi_03_RAY_0808.JPG,0236_20140417_HBi_03_RAY_0808.JPG,.jpg,5474586,3,3,2014-04-17,80_and_above,05,5.0,03_05,labeled,,,03::0236_20140417_HBi_03_RAY,filename_trailing_number,medium,4896,3264,JPEG,readable,23e3ffc618b343ce733479a366ffedd0fa4109f3316565ae07bae1a697507d4b,unknown,pending,unreviewed,,,03_5.0,labeled,1,1.0
IMG_bec26851aca3f97d,03/80 and above/05/0471_20140417_HBi_03_RAY_1192.JPG,0471_20140417_HBi_03_RAY_1192.JPG,.jpg,7395228,3,3,2014-04-17,80_and_above,05,5.0,03_05,labeled,,,03::0471_20140417_HBi_03_RAY,filename_trailing_number,medium,4896,3264,JPEG,readable,4695f0f266d9c1104ff427cc25f2dc5efd8450cc48c896d73400bc52d842147b,unknown,pending,unreviewed,,,03_5.0,labeled,1,0.7720187258411942
IMG_4ccf8f053eafa970,03/80 and above/05/0494_20140417_HBi_03_RAY_1230.JPG,0494_20140417_HBi_03_RAY_1230.JPG,.jpg,6718112,3,3,2014-04-17,80_and_above,05,5.0,03_05,labeled,,,03::0494_20140417_HBi_03_RAY,filename_trailing_number,medium,4896,3264,JPEG,readable,97f5eb4643d58b6833286ba49d79924a760b367423a0793a6828ff123df7cdba,unknown,pending,unreviewed,,,03_5.0,labeled,1,1.0
IMG_5130cbc7ffaae275,03/80 and above/05/0546_20140417_HBi_03_RAY_1313.JPG,0546_20140417_HBi_03_RAY_1313.JPG,.jpg,6157644,3,3,2014-04-17,80_and_above,05,5.0,03_05,labeled,,,03::0546_20140417_HBi_03_RAY,filename_trailing_number,medium,4896,3264,JPEG,readable,0160a78b0aa34c533047e30244ca828f1f2e2e51002e632338d8d754949dbef5,unknown,pending,unreviewed,,,03_5.0,labeled,1,0.8824103654512914
IMG_39f79aba2723784d,03/80 and above/05/0547_20140417_HBi_03_RAY_1314.JPG,0547_20140417_HBi_03_RAY_1314.JPG,.jpg,6134236,3,3,2014-04-17,80_and_above,05,5.0,03_05,labeled,,,03::0547_20140417_HBi_03_RAY,filename_trailing_number,medium,4896,3264,JPEG,readable,817f40f5c3919918829a5654ad8e8fbc6d20f6914633b9f943fe1238e0aba5ef,unknown,pending,unreviewed,,,03_5.0,labeled,1,1.0
IMG_57cfc4366a136861,03/80 and above/05/0674_20140417_HBi_03_RAY_1548.JPG,0674_20140417_HBi_03_RAY_1548.JPG,.jpg,6519409,3,3,2014-04-17,80_and_above,05,5.0,03_05,labeled,,,03::0674_20140417_HBi_03_RAY,filename_trailing_number,medium,4896,3264,JPEG,readable,c26fb93f41b37fc612ef6b9f220f7c25794e108d0cadc161e6fa44433eab76fa,unknown,pending,unreviewed,,,03_5.0,labeled,1,0.8269697475403719
IMG_d29ed2e78c8f6d25,03/80 and above/05/0675_20140417_HBi_03_RAY_1549.JPG,0675_20140417_HBi_03_RAY_1549.JPG,.jpg,5528023,3,3,2014-04-17,80_and_above,05,5.0,03_05,labeled,,,03::0675_20140417_HBi_03_RAY,filename_trailing_number,medium,4896,3264,JPEG,readable,5245927899e218066a6a87e32736614fa7948cd35556e6ad9e0536450b5ebfe3,unknown,pending,unreviewed,,,03_5.0,labeled,1,1.0
IMG_8b18934c9a541949,03/80 and above/05/0845_20140417_HBi_03_RAY_1889.JPG,0845_20140417_HBi_03_RAY_1889.JPG,.jpg,5894883,3,3,2014-04-17,80_and_above,05,5.0,03_05,labeled,,,03::0845_20140417_HBi_03_RAY,filename_trailing_number,medium,4896,3264,JPEG,readable,a1891c8a31ed0e116ee88c261a6ddf6a2ba40635ec1b62ab904d4b2b20c86626,unknown,pending,unreviewed,,,03_5.0,labeled,1,0.9719679339617021
IMG_077018732a20157b,03/80 and above/05/0846_20140417_HBi_03_RAY_1890.JPG,0846_20140417_HBi_03_RAY_1890.JPG,.jpg,5684781,3,3,2014-04-17,80_and_above,05,5.0,03_05,labeled,,,03::0846_20140417_HBi_03_RAY,filename_trailing_number,medium,4896,3264,JPEG,readable,8d7b55c27ab860e74c4797877e6c94351ee10666fa00d6f29afe2e758486cb16,unknown,pending,unreviewed,,,03_5.0,labeled,1,1.0
IMG_4106e536034ce468,03/80 and above/05/0917_20140417_HBi_03_RAY_1990.JPG,0917_20140417_HBi_03_RAY_1990.JPG,.jpg,6430393,3,3,2014-04-17,80_and_above,05,5.0,03_05,labeled,,,03::0917_20140417_HBi_03_RAY,filename_trailing_number,medium,4896,3264,JPEG,readable,75a223cba01081efcdc759c8e08469382687e0714340df3b64406a05c82709a0,unknown,pending,unreviewed,,,03_5.0,labeled,1,0.9071490935919345
IMG_4346881113cb7134,03/80 and above/05/0918_20140417_HBi_03_RAY_1991.JPG,0918_20140417_HBi_03_RAY_1991.JPG,.jpg,1034227,3,3,2014-04-17,80_and_above,05,5.0,03_05,labeled,,,03::0918_20140417_HBi_03_RAY,filename_trailing_number,medium,1984,843,JPEG,readable,e0174efcc4b58bf66c13ef6b08c03a6c9f683cfddc7e1b180666f2c3978f3caf,unknown,pending,unreviewed,,,03_5.0,labeled,2,1.0
IMG_c6d0865e3cdbacc3,03/80 and above/06/0227_20140417_HBi_03_RAY_0787.JPG,0227_20140417_HBi_03_RAY_0787.JPG,.jpg,1568992,3,3,2014-04-17,80_and_above,06,6.0,03_06,labeled,,,03::0227_20140417_HBi_03_RAY,filename_trailing_number,medium,2788,909,JPEG,readable,78e29126a97397b8e1ee15ee91d6396333a4fa3b5c9193916aa347bfee3cf760,unknown,pending,unreviewed,,,03_6.0,labeled,-1,0.0
IMG_03d24306c61e22a9,03/80 and above/06/0234_20140417_HBi_03_RAY_0802.JPG,0234_20140417_HBi_03_RAY_0802.JPG,.jpg,5249453,3,3,2014-04-17,80_and_above,06,6.0,03_06,labeled,,,03::0234_20140417_HBi_03_RAY,filename_trailing_number,medium,4896,3264,JPEG,readable,4457e613187b2cbbbd7e942caa12831626f2e5e28fe4ed0f7056dfd7a5ce3064,unknown,pending,unreviewed,,,03_6.0,labeled,1,0.9060300889225487
IMG_a997a5f157a51805,03/80 and above/06/0255_20140417_HBi_03_RAY_0845.JPG,0255_20140417_HBi_03_RAY_0845.JPG,.jpg,5479622,3,3,2014-04-17,80_and_above,06,6.0,03_06,labeled,,,03::0255_20140417_HBi_03_RAY,filename_trailing_number,medium,4896,3264,JPEG,readable,38344676d5136d317310bae0e0eac705a5dad39d459724ba14fedf1d85c49e99,unknown,pending,unreviewed,,,03_6.0,labeled,-1,0.0
IMG_3446737f2326b631,03/80 and above/06/0256_20140417_HBi_03_RAY_0846.JPG,0256_20140417_HBi_03_RAY_0846.JPG,.jpg,5375109,3,3,2014-04-17,80_and_above,06,6.0,03_06,labeled,,,03::0256_20140417_HBi_03_RAY,filename_trailing_number,medium,4896,3264,JPEG,readable,f2097e38b411dda58b6bc41203203ea339dcd0898040534ad48203ad0b3165a4,unknown,pending,unreviewed,,,03_6.0,labeled,-1,0.0
IMG_20004a5ff9493615,03/80 and above/06/0298_20140417_HBi_03_RAY_0900.JPG,0298_20140417_HBi_03_RAY_0900.JPG,.jpg,5779190,3,3,2014-04-17,80_and_above,06,6.0,03_06,labeled,,,03::0298_20140417_HBi_03_RAY,filename_trailing_number,medium,4896,3264,JPEG,readable,7163927f7d00ee328b57eec12316c407cda6b913362337fae90e8225ec018446,unknown,pending,unreviewed,,,03_6.0,labeled,1,0.8289556588398294
IMG_217f3610fa912f0b,03/80 and above/06/0299_20140417_HBi_03_RAY_0901.JPG,0299_20140417_HBi_03_RAY_0901.JPG,.jpg,5739417,3,3,2014-04-17,80_and_above,06,6.0,03_06,labeled,,,03::0299_20140417_HBi_03_RAY,filename_trailing_number,medium,4896,3264,JPEG,readable,51e4c6121bfd136b1bfb29efc72f29c0df7a11f4574525ccb8af11611254d500,unknown,pending,unreviewed,,,03_6.0,labeled,1,1.0
IMG_09c470048aa5a620,03/80 and above/06/0300_20140417_HBi_03_RAY_0902.JPG,0300_20140417_HBi_03_RAY_0902.JPG,.jpg,5706292,3,3,2014-04-17,80_and_above,06,6.0,03_06,labeled,,,03::0300_20140417_HBi_03_RAY,filename_trailing_number,medium,4896,3264,JPEG,readable,208f37e23e8760a9e3d45a7c8d401b622fc71b15f40567e7028fdd357dc4a1e1,unknown,pending,unreviewed,,,03_6.0,labeled,1,1.0
IMG_3bce13f24905ae1f,03/80 and above/06/0327_20140417_HBi_03_RAY_0945.JPG,0327_20140417_HBi_03_RAY_0945.JPG,.jpg,6303689,3,3,2014-04-17,80_and_above,06,6.0,03_06,labeled,,,03::0327_20140417_HBi_03_RAY,filename_trailing_number,medium,4896,3264,JPEG,readable,41791b818aa55278b3676cdfb6558cc4eb5ee7b3c8a6d5a388dc914a383c31f8,unknown,pending,unreviewed,,,03_6.0,labeled,1,1.0
IMG_53fa9fc0de5e468b,03/80 and above/06/0328_20140417_HBi_03_RAY_0946.JPG,0328_20140417_HBi_03_RAY_0946.JPG,.jpg,6316355,3,3,2014-04-17,80_and_above,06,6.0,03_06,labeled,,,03::0328_20140417_HBi_03_RAY,filename_trailing_number,medium,4896,3264,JPEG,readable,c654f55d6030b22d1243a69f51b6c7e1c715d1802e506d1f407438388e539102,unknown,pending,unreviewed,,,03_6.0,labeled,1,1.0
IMG_8ceb68df4b59d29e,03/80 and above/06/0679_20140417_HBi_03_RAY_1554.JPG,0679_20140417_HBi_03_RAY_1554.JPG,.jpg,5886324,3,3,2014-04-17,80_and_above,06,6.0,03_06,labeled,,,03::0679_20140417_HBi_03_RAY,filename_trailing_number,medium,4896,3264,JPEG,readable,56d82110e69600099339f7aa4012a3a51d6ac9ad0c427e98770a492a79900837,unknown,pending,unreviewed,,,03_6.0,labeled,1,1.0
IMG_1b5b525951012d97,03/80 and above/06/0680_20140417_HBi_03_RAY_1555.JPG,0680_20140417_HBi_03_RAY_1555.JPG,.jpg,5684570,3,3,2014-04-17,80_and_above,06,6.0,03_06,labeled,,,03::0680_20140417_HBi_03_RAY,filename_trailing_number,medium,4896,3264,JPEG,readable,0c0bd5d538affc9e2a7d9b49587545ea8888e72baf8589cee9ba306d8a42fd3a,unknown,pending,unreviewed,,,03_6.0,labeled,1,1.0
IMG_0543681d5ed37dc7,03/80 and above/07/0231_20140417_HBi_03_RAY_0799.JPG,0231_20140417_HBi_03_RAY_0799.JPG,.jpg,2253036,3,3,2014-04-17,80_and_above,07,7.0,03_07,labeled,,,03::0231_20140417_HBi_03_RAY,filename_trailing_number,medium,3237,1152,JPEG,readable,8ad92f543977f82270c86f98a77aadc43d02945cae4480c45fcd58f2da54db4d,unknown,pending,unreviewed,,,03_7.0,labeled,-1,0.0
IMG_f4b55c978d9b27ad,03/80 and above/07/0244_20140417_HBi_03_RAY_0824.JPG,0244_20140417_HBi_03_RAY_0824.JPG,.jpg,2572047,3,3,2014-04-17,80_and_above,07,7.0,03_07,labeled,,,03::0244_20140417_HBi_03_RAY,filename_trailing_number,medium,3069,1535,JPEG,readable,f67f56f91441d13c55c24778b7d69983c5c36e03c20fdb4d792e2ee7c844da60,unknown,pending,unreviewed,,,03_7.0,labeled,-1,0.0
IMG_90abd8938b874a0c,03/80 and above/07/0245_20140417_HBi_03_RAY_0825.JPG,0245_20140417_HBi_03_RAY_0825.JPG,.jpg,5487102,3,3,2014-04-17,80_and_above,07,7.0,03_07,labeled,,,03::0245_20140417_HBi_03_RAY,filename_trailing_number,medium,4896,3264,JPEG,readable,b31f1befacc7754a493365d22469335510205f4a82beaac7edc9ef936828b9fa,unknown,pending,unreviewed,,,03_7.0,labeled,1,0.9705183820696712
IMG_08faeb63ca8035ce,03/80 and above/07/0253_20140417_HBi_03_RAY_0835.JPG,0253_20140417_HBi_03_RAY_0835.JPG,.jpg,5839467,3,3,2014-04-17,80_and_above,07,7.0,03_07,labeled,,,03::0253_20140417_HBi_03_RAY,filename_trailing_number,medium,4896,3264,JPEG,readable,98781518a273e4e079be330f1556ce39ca4662e6400b2fb83a20b6777dd06bc1,unknown,pending,unreviewed,,,03_7.0,labeled,1,1.0
IMG_3be4c95c39822645,03/80 and above/07/0254_20140417_HBi_03_RAY_0836.JPG,0254_20140417_HBi_03_RAY_0836.JPG,.jpg,5896893,3,3,2014-04-17,80_and_above,07,7.0,03_07,labeled,,,03::0254_20140417_HBi_03_RAY,filename_trailing_number,medium,4896,3264,JPEG,readable,18e71e1bfc755a188649fc2d53efaf6e3a922ad8abcbd5d8d09e121cf66b3ef2,unknown,pending,unreviewed,,,03_7.0,labeled,1,1.0
IMG_043fc8d5cb71ffc0,03/80 and above/07/0319_20140417_HBi_03_RAY_0929.JPG,0319_20140417_HBi_03_RAY_0929.JPG,.jpg,5412785,3,3,2014-04-17,80_and_above,07,7.0,03_07,labeled,,,03::0319_20140417_HBi_03_RAY,filename_trailing_number,medium,4896,3264,JPEG,readable,2836385718a336a6e458b92f1c7e67f2a21ddc64e87f0bc882b97e42c3d39bb5,unknown,pending,unreviewed,,,03_7.0,labeled,1,0.8644519859764923
IMG_a9a6feb7d1d4e069,03/80 and above/07/0320_20140417_HBi_03_RAY_0930.JPG,0320_20140417_HBi_03_RAY_0930.JPG,.jpg,5346365,3,3,2014-04-17,80_and_above,07,7.0,03_07,labeled,,,03::0320_20140417_HBi_03_RAY,filename_trailing_number,medium,4896,3264,JPEG,readable,16d3fa0644d70f51fb5f4b100b7f7df022b0d918afee496bbefa4a179e0f5062,unknown,pending,unreviewed,,,03_7.0,labeled,1,1.0
IMG_339d3c59aa65dfd3,03/80 and above/07/0321_20140417_HBi_03_RAY_0931.JPG,0321_20140417_HBi_03_RAY_0931.JPG,.jpg,5195257,3,3,2014-04-17,80_and_above,07,7.0,03_07,labeled,,,03::0321_20140417_HBi_03_RAY,filename_trailing_number,medium,4896,3264,JPEG,readable,9e5e754b6b9e5e1b76b09424e868a2534407a3c5e92d850e3fa5d0a8e3fa1e8b,unknown,pending,unreviewed,,,03_7.0,labeled,1,0.9735057151919014
IMG_5f1db9c269b003a0,03/80 and above/07/0841_20140417_HBi_03_RAY_1878.JPG,0841_20140417_HBi_03_RAY_1878.JPG,.jpg,5614927,3,3,2014-04-17,80_and_above,07,7.0,03_07,labeled,,,03::0841_20140417_HBi_03_RAY,filename_trailing_number,medium,4896,3264,JPEG,readable,dc9cef3c6c82af0c64800c9d02d5b42042daaf84ffa62c356da28322a788c28a,unknown,pending,unreviewed,,,03_7.0,labeled,1,0.99164630185535
IMG_a5daa51e2871d9c2,03/80 and above/08/0235_20140417_HBi_03_RAY_0804.JPG,0235_20140417_HBi_03_RAY_0804.JPG,.jpg,5905833,3,3,2014-04-17,80_and_above,08,8.0,03_08,labeled,,,03::0235_20140417_HBi_03_RAY,filename_trailing_number,medium,4896,3264,JPEG,readable,74fc011bac6c0777b4e6454bea8d9638ede096b2cfa5e8d3f791ce45c2a934f4,unknown,pending,unreviewed,,,03_8.0,labeled,1,0.784769354934232
IMG_3a486e292583f5fd,03/80 and above/08/0252_20140417_HBi_03_RAY_0832.JPG,0252_20140417_HBi_03_RAY_0832.JPG,.jpg,5818273,3,3,2014-04-17,80_and_above,08,8.0,03_08,labeled,,,03::0252_20140417_HBi_03_RAY,filename_trailing_number,medium,4896,3264,JPEG,readable,c6edf969cc4f6703c8eab280cee6cbbb6898bf8ad5d80c9965e3cc02066387f1,unknown,pending,unreviewed,,,03_8.0,labeled,1,1.0
IMG_d3e98335dbe44b76,03/80 and above/08/0340_20140417_HBi_03_RAY_0968.JPG,0340_20140417_HBi_03_RAY_0968.JPG,.jpg,1639861,3,3,2014-04-17,80_and_above,08,8.0,03_08,labeled,,,03::0340_20140417_HBi_03_RAY,filename_trailing_number,medium,2376,1062,JPEG,readable,6fd150395d321ad10957970aed03b11940faf9c2da072d073dc6b6faba7a8ef6,unknown,pending,unreviewed,,,03_8.0,labeled,-1,0.0
IMG_19fc4b72ac608282,03/80 and above/09/0148_20140417_HBi_03_RAY_2027.JPG,0148_20140417_HBi_03_RAY_2027.JPG,.jpg,5606754,3,3,2014-04-17,80_and_above,09,9.0,03_09,labeled,,,03::0148_20140417_HBi_03_RAY,filename_trailing_number,medium,4896,3264,JPEG,readable,83b6cfa4a14b84fa5eb788e3c940ee1314dc8277f31cee3d26918249db76629d,unknown,pending,unreviewed,,,03_9.0,labeled,1,0.8554387592747502
IMG_d75db0a0fe0a29d2,03/80 and above/09/0262_20140417_HBi_03_RAY_0854.JPG,0262_20140417_HBi_03_RAY_0854.JPG,.jpg,5457356,3,3,2014-04-17,80_and_above,09,9.0,03_09,labeled,,,03::0262_20140417_HBi_03_RAY,filename_trailing_number,medium,4896,3264,JPEG,readable,0fb0f40d836e7b2d64f49dca57646b92ef38eebd5b6c1371b81ea1e8098957fd,unknown,pending,unreviewed,,,03_9.0,labeled,-1,0.0
IMG_91b6f41442da18f4,03/80 and above/09/0263_20140417_HBi_03_RAY_0855.JPG,0263_20140417_HBi_03_RAY_0855.JPG,.jpg,6098380,3,3,2014-04-17,80_and_above,09,9.0,03_09,labeled,,,03::0263_20140417_HBi_03_RAY,filename_trailing_number,medium,4878,2526,JPEG,readable,98931b0060e82324183ed245c645bf690ada8bb82ff32721f5817580c035f096,unknown,pending,unreviewed,,,03_9.0,labeled,-1,0.0
IMG_dda0725ed8e5c4be,03/80 and above/09/0268_20140417_HBi_03_RAY_0863.JPG,0268_20140417_HBi_03_RAY_0863.JPG,.jpg,5499655,3,3,2014-04-17,80_and_above,09,9.0,03_09,labeled,,,03::0268_20140417_HBi_03_RAY,filename_trailing_number,medium,4896,3264,JPEG,readable,415d901aeef79647d3f4ae36eaa5343e179643cb44ae0136ce70ae900751854b,unknown,pending,unreviewed,,,03_9.0,labeled,1,0.8235318209226862
IMG_5001302b0ed35221,03/80 and above/09/0269_20140417_HBi_03_RAY_0864.JPG,0269_20140417_HBi_03_RAY_0864.JPG,.jpg,5280064,3,3,2014-04-17,80_and_above,09,9.0,03_09,labeled,,,03::0269_20140417_HBi_03_RAY,filename_trailing_number,medium,4896,3264,JPEG,readable,d94feb4b22aa8c5082b72a6465fc9852c0732325bb0ac15d2487454d6db9bc9c,unknown,pending,unreviewed,,,03_9.0,labeled,-1,0.0
IMG_9e4ae5463339b33d,03/80 and above/09/0270_20140417_HBi_03_RAY_0865.JPG,0270_20140417_HBi_03_RAY_0865.JPG,.jpg,5363616,3,3,2014-04-17,80_and_above,09,9.0,03_09,labeled,,,03::0270_20140417_HBi_03_RAY,filename_trailing_number,medium,4896,3264,JPEG,readable,eeca11a0ee76641d1e32259c5bab5f97175864a0b22cd26f2377e1a37447ca4b,unknown,pending,unreviewed,,,03_9.0,labeled,1,0.7983868238321533
IMG_1636755f70f7c2a6,03/80 and above/09/0439_20140417_HBi_03_RAY_1125.JPG,0439_20140417_HBi_03_RAY_1125.JPG,.jpg,5652423,3,3,2014-04-17,80_and_above,09,9.0,03_09,labeled,,,03::0439_20140417_HBi_03_RAY,filename_trailing_number,medium,4896,3264,JPEG,readable,5998ad18ba689ade14aa54470c3b8e6b2e3210229d1e0aa682099c0d2463428a,unknown,pending,unreviewed,,,03_9.0,labeled,1,0.9470520861121973
IMG_47e393aa821fedbd,03/80 and above/09/0440_20140417_HBi_03_RAY_1126.JPG,0440_20140417_HBi_03_RAY_1126.JPG,.jpg,5385597,3,3,2014-04-17,80_and_above,09,9.0,03_09,labeled,,,03::0440_20140417_HBi_03_RAY,filename_trailing_number,medium,4896,3264,JPEG,readable,370e50a2715bd847c50c10e192cc5df9dd4174c7377dd4d24e38b42978ad5de9,unknown,pending,unreviewed,,,03_9.0,labeled,1,0.7899068957478376
IMG_302da20670764559,03/80 and above/09/0463_20140417_HBi_03_RAY_1184.JPG,0463_20140417_HBi_03_RAY_1184.JPG,.jpg,2250906,3,3,2014-04-17,80_and_above,09,9.0,03_09,labeled,,,03::0463_20140417_HBi_03_RAY,filename_trailing_number,medium,2877,1207,JPEG,readable,c8c8accfb9100b62820f2bb44335b7359c50af1e957e8f6bdc73c5072da8709d,unknown,pending,unreviewed,,,03_9.0,labeled,1,0.9802572892318154
IMG_b825df862b6e289f,03/80 and above/09/0464_20140417_HBi_03_RAY_1185.JPG,0464_20140417_HBi_03_RAY_1185.JPG,.jpg,7473914,3,3,2014-04-17,80_and_above,09,9.0,03_09,labeled,,,03::0464_20140417_HBi_03_RAY,filename_trailing_number,medium,4896,3264,JPEG,readable,54a9cd54cfcf7d5be3a144aab0cb351644c235072cf2bdbf44d9fb82a9bb4043,unknown,pending,unreviewed,,,03_9.0,labeled,1,0.9803659463803628
IMG_24134fc15ba96652,03/80 and above/09/0488_20140417_HBi_03_RAY_1222.JPG,0488_20140417_HBi_03_RAY_1222.JPG,.jpg,6545650,3,3,2014-04-17,80_and_above,09,9.0,03_09,labeled,,,03::0488_20140417_HBi_03_RAY,filename_trailing_number,medium,4896,3264,JPEG,readable,c2a2d5aed64e506119a8ad13d573fe7bf45cb45d178d7aa5245fbd16d1706ea3,unknown,pending,unreviewed,,,03_9.0,labeled,-1,0.0
IMG_74aa811586e07cff,03/80 and above/10/0285_20140417_HBi_03_RAY_0885.JPG,0285_20140417_HBi_03_RAY_0885.JPG,.jpg,3091532,3,3,2014-04-17,80_and_above,10,10.0,03_10,labeled,,,03::0285_20140417_HBi_03_RAY,filename_trailing_number,medium,3644,1558,JPEG,readable,7f74cb2d0243fa4561b9a3b4b692040a9ab48bfaf37bb46da0aae4b0809ce305,unknown,pending,unreviewed,,,03_10.0,labeled,1,0.7704179927249915
IMG_0f0cd0e7c57181b2,03/80 and above/10/0286_20140417_HBi_03_RAY_0886.JPG,0286_20140417_HBi_03_RAY_0886.JPG,.jpg,5326925,3,3,2014-04-17,80_and_above,10,10.0,03_10,labeled,,,03::0286_20140417_HBi_03_RAY,filename_trailing_number,medium,4896,3264,JPEG,readable,7b21c83e14a87db83c897249347a05bf11e8706ea10437931e2b6d59398dd587,unknown,pending,unreviewed,,,03_10.0,labeled,1,1.0
IMG_814ea15230cf77ff,03/80 and above/10/0287_20140417_HBi_03_RAY_0887.JPG,0287_20140417_HBi_03_RAY_0887.JPG,.jpg,5496501,3,3,2014-04-17,80_and_above,10,10.0,03_10,labeled,,,03::0287_20140417_HBi_03_RAY,filename_trailing_number,medium,4896,3264,JPEG,readable,dc7886ade9a307777dd7af7128753279e2c3e7821f089b9b601da2a694b568a7,unknown,pending,unreviewed,,,03_10.0,labeled,1,1.0
IMG_5ac5d19ee41e1d13,03/80 and above/10/0297_20140417_HBi_03_RAY_0899.JPG,0297_20140417_HBi_03_RAY_0899.JPG,.jpg,5167793,3,3,2014-04-17,80_and_above,10,10.0,03_10,labeled,,,03::0297_20140417_HBi_03_RAY,filename_trailing_number,medium,4896,3264,JPEG,readable,94798cbef123f86475610ef961402cf71f3e0143e0ee0e574cc089771bbf0e0b,unknown,pending,unreviewed,,,03_10.0,labeled,1,1.0
IMG_3181ffe87aa13433,03/80 and above/10/0317_20140417_HBi_03_RAY_0927.JPG,0317_20140417_HBi_03_RAY_0927.JPG,.jpg,5810329,3,3,2014-04-17,80_and_above,10,10.0,03_10,labeled,,,03::0317_20140417_HBi_03_RAY,filename_trailing_number,medium,4896,3264,JPEG,readable,b797dbe5016bc03279c1d990fe6a440a825959b3284c133161b35c59446f4c92,unknown,pending,unreviewed,,,03_10.0,labeled,1,1.0
IMG_8b9236cb98f368af,03/80 and above/10/0318_20140417_HBi_03_RAY_0928.JPG,0318_20140417_HBi_03_RAY_0928.JPG,.jpg,5883440,3,3,2014-04-17,80_and_above,10,10.0,03_10,labeled,,,03::0318_20140417_HBi_03_RAY,filename_trailing_number,medium,4896,3264,JPEG,readable,240cf01aea12f66a2d068a4b2585a87d0b0055b23348ea63117aea05b37f6ed7,unknown,pending,unreviewed,,,03_10.0,labeled,1,0.9975863278558851
IMG_7221598f1ce69371,03/80 and above/10/0330_20140417_HBi_03_RAY_0954.JPG,0330_20140417_HBi_03_RAY_0954.JPG,.jpg,6163023,3,3,2014-04-17,80_and_above,10,10.0,03_10,labeled,,,03::0330_20140417_HBi_03_RAY,filename_trailing_number,medium,4896,3264,JPEG,readable,72c158def83c4337dd6abf906a270004ff19680cfe6501ec0195992859923737,unknown,pending,unreviewed,,,03_10.0,labeled,1,0.9090829569923424
IMG_154da4f02db54fae,03/80 and above/10/0414_20140417_HBi_03_RAY_1087.JPG,0414_20140417_HBi_03_RAY_1087.JPG,.jpg,5531799,3,3,2014-04-17,80_and_above,10,10.0,03_10,labeled,,,03::0414_20140417_HBi_03_RAY,filename_trailing_number,medium,4896,3264,JPEG,readable,366460f1427c33848aba9fa44571722e9653ef4038185c4db6f9f1ba396d834b,unknown,pending,unreviewed,,,03_10.0,labeled,1,0.9464932769545394
IMG_335800c884833eed,03/80 and above/10/0415_20140417_HBi_03_RAY_1088.JPG,0415_20140417_HBi_03_RAY_1088.JPG,.jpg,5216498,3,3,2014-04-17,80_and_above,10,10.0,03_10,labeled,,,03::0415_20140417_HBi_03_RAY,filename_trailing_number,medium,4896,3264,JPEG,readable,445f7c5ac54b35621196a3d22d1b813f92761b8ea20f324371a634b4771a3ff4,unknown,pending,unreviewed,,,03_10.0,labeled,1,1.0
IMG_65f909fa289786fa,03/80 and above/10/0435_20140417_HBi_03_RAY_1121.JPG,0435_20140417_HBi_03_RAY_1121.JPG,.jpg,7276188,3,3,2014-04-17,80_and_above,10,10.0,03_10,labeled,,,03::0435_20140417_HBi_03_RAY,filename_trailing_number,medium,4896,3264,JPEG,readable,9bb643accce425a5bd4688d64fed0469a51cead68bb361be01450be25c98b9b7,unknown,pending,unreviewed,,,03_10.0,labeled,1,1.0
IMG_1cd9988f9d499955,03/80 and above/10/0465_20140417_HBi_03_RAY_1186.JPG,0465_20140417_HBi_03_RAY_1186.JPG,.jpg,6755334,3,3,2014-04-17,80_and_above,10,10.0,03_10,labeled,,,03::0465_20140417_HBi_03_RAY,filename_trailing_number,medium,4896,3264,JPEG,readable,93d851acfba031428b789f319f81fa9ebd2d85b150a6bbd4f7d2456a1dcbad36,unknown,pending,unreviewed,,,03_10.0,labeled,1,0.8929953177741876
IMG_3fff93b7a18937ff,03/80 and above/10/0466_20140417_HBi_03_RAY_1187.JPG,0466_20140417_HBi_03_RAY_1187.JPG,.jpg,6523036,3,3,2014-04-17,80_and_above,10,10.0,03_10,labeled,,,03::0466_20140417_HBi_03_RAY,filename_trailing_number,medium,4896,3264,JPEG,readable,e282156045d25d7a9d67e292ee57bd6505a07b4537c538c95c0e419e8875f760,unknown,pending,unreviewed,,,03_10.0,labeled,1,0.9198001686730373
IMG_4b86dee50375da53,03/80 and above/10/0467_20140417_HBi_03_RAY_1188.JPG,0467_20140417_HBi_03_RAY_1188.JPG,.jpg,6561409,3,3,2014-04-17,80_and_above,10,10.0,03_10,labeled,,,03::0467_20140417_HBi_03_RAY,filename_trailing_number,medium,4896,3264,JPEG,readable,a16356345a54899bd223730587ca66cacb797c2832c13bfa2e4ff6fd6de3897f,unknown,pending,unreviewed,,,03_10.0,labeled,1,0.9198001686730373
IMG_e9581439a4d2c0fb,03/80 and above/10/0509_20140417_HBi_03_RAY_1247.JPG,0509_20140417_HBi_03_RAY_1247.JPG,.jpg,6298148,3,3,2014-04-17,80_and_above,10,10.0,03_10,labeled,,,03::0509_20140417_HBi_03_RAY,filename_trailing_number,medium,4896,3264,JPEG,readable,12d78c0a20b47a4f6ce972d97556201ad6e1569d4b0e151dfb57c149ee21ea97,unknown,pending,unreviewed,,,03_10.0,labeled,-1,0.0
IMG_c35286d04e6f978d,03/80 and above/10/0510_20140417_HBi_03_RAY_1248.JPG,0510_20140417_HBi_03_RAY_1248.JPG,.jpg,6532331,3,3,2014-04-17,80_and_above,10,10.0,03_10,labeled,,,03::0510_20140417_HBi_03_RAY,filename_trailing_number,medium,4896,3264,JPEG,readable,118bd1498ab23dd8f64847ba5aa000720989a1abaa47452363f1985fe0ca36c1,unknown,pending,unreviewed,,,03_10.0,labeled,1,0.8415694595779943
IMG_8bed067689af3d65,03/80 and above/10/0511_20140417_HBi_03_RAY_1249.JPG,0511_20140417_HBi_03_RAY_1249.JPG,.jpg,5554423,3,3,2014-04-17,80_and_above,10,10.0,03_10,labeled,,,03::0511_20140417_HBi_03_RAY,filename_trailing_number,medium,4896,3264,JPEG,readable,4125c1aae804cb6bfc684b2ef9b94b1760798d992e081abc52d78bc35de63745,unknown,pending,unreviewed,,,03_10.0,labeled,1,0.9058419359107535
IMG_b00cc602f340f203,03/80 and above/10/0527_20140417_HBi_03_RAY_1271.JPG,0527_20140417_HBi_03_RAY_1271.JPG,.jpg,2092282,3,3,2014-04-17,80_and_above,10,10.0,03_10,labeled,,,03::0527_20140417_HBi_03_RAY,filename_trailing_number,medium,2915,1147,JPEG,readable,9d96067847b4f4b01123954db347f2ac1600612825f950cb3fc23c764a6c2309,unknown,pending,unreviewed,,,03_10.0,labeled,2,1.0
IMG_fd391b80928842b0,03/80 and above/10/0677_20140417_HBi_03_RAY_1552.JPG,0677_20140417_HBi_03_RAY_1552.JPG,.jpg,6225709,3,3,2014-04-17,80_and_above,10,10.0,03_10,labeled,,,03::0677_20140417_HBi_03_RAY,filename_trailing_number,medium,4896,3264,JPEG,readable,b7503852860e517edeee8d842a783483651ffc8817b69c8d93c1f84ca6762d72,unknown,pending,unreviewed,,,03_10.0,labeled,1,1.0
IMG_be100e1748f17ad1,03/80 and above/10/0678_20140417_HBi_03_RAY_1553.JPG,0678_20140417_HBi_03_RAY_1553.JPG,.jpg,6351028,3,3,2014-04-17,80_and_above,10,10.0,03_10,labeled,,,03::0678_20140417_HBi_03_RAY,filename_trailing_number,medium,4896,3264,JPEG,readable,9b62586a6a3fd80307fec90252bfcc8af2a017dcb07b537824f4efb1ac7e2fa8,unknown,pending,unreviewed,,,03_10.0,labeled,1,1.0
IMG_f2f062b428b6acde,03/80 and above/10/0702_20140417_HBi_03_RAY_1646.JPG,0702_20140417_HBi_03_RAY_1646.JPG,.jpg,3448764,3,3,2014-04-17,80_and_above,10,10.0,03_10,labeled,,,03::0702_20140417_HBi_03_RAY,filename_trailing_number,medium,3803,1427,JPEG,readable,9873b9cfb499301e49e0b7619202de2fa9058d00f6b1eddfdde11868014e03f9,unknown,pending,unreviewed,,,03_10.0,labeled,-1,0.0
IMG_fc68eb5adc45dcb9,03/80 and above/10/0703_20140417_HBi_03_RAY_1647.JPG,0703_20140417_HBi_03_RAY_1647.JPG,.jpg,6586496,3,3,2014-04-17,80_and_above,10,10.0,03_10,labeled,,,03::0703_20140417_HBi_03_RAY,filename_trailing_number,medium,4896,3264,JPEG,readable,891694839ecce1dfe5fd9d45ab4eca5bab14d50678a861655c5242deacae6806,unknown,pending,unreviewed,,,03_10.0,labeled,1,1.0
IMG_41a15bee1ec02acd,03/80 and above/11/0337_20140417_HBi_03_RAY_0965.JPG,0337_20140417_HBi_03_RAY_0965.JPG,.jpg,3453718,3,3,2014-04-17,80_and_above,11,11.0,03_11,labeled,,,03::0337_20140417_HBi_03_RAY,filename_trailing_number,medium,3737,1521,JPEG,readable,0adabd932dffefebdd0636f399f031bcf64f96123846ea71237dcbafffda6733,unknown,pending,unreviewed,,,03_11.0,labeled,-1,0.0
IMG_c3eab7f40d20dd73,03/80 and above/11/0338_20140417_HBi_03_RAY_0966.JPG,0338_20140417_HBi_03_RAY_0966.JPG,.jpg,6677064,3,3,2014-04-17,80_and_above,11,11.0,03_11,labeled,,,03::0338_20140417_HBi_03_RAY,filename_trailing_number,medium,4896,3264,JPEG,readable,885922f029b0addb4437477daea75c2b981c54e4288d7e1f11ffb6618654ca97,unknown,pending,unreviewed,,,03_11.0,labeled,1,0.955996465101894
IMG_eaf2a14e7dfe9158,03/80 and above/11/0339_20140417_HBi_03_RAY_0967.JPG,0339_20140417_HBi_03_RAY_0967.JPG,.jpg,6664822,3,3,2014-04-17,80_and_above,11,11.0,03_11,labeled,,,03::0339_20140417_HBi_03_RAY,filename_trailing_number,medium,4896,3264,JPEG,readable,2a69b9c094fae8401214da3e0e97fb8dbab5561f01129cbbb88f3976b1814b32,unknown,pending,unreviewed,,,03_11.0,labeled,-1,0.0
IMG_caa030f10c6db656,03/80 and above/11/0681_20140417_HBi_03_RAY_1556.JPG,0681_20140417_HBi_03_RAY_1556.JPG,.jpg,6067142,3,3,2014-04-17,80_and_above,11,11.0,03_11,labeled,,,03::0681_20140417_HBi_03_RAY,filename_trailing_number,medium,4896,3264,JPEG,readable,d88d1d541e6f6d3d31fa9f6856c5081e16b69b87ba519de921f5f7d768be1d91,unknown,pending,unreviewed,,,03_11.0,labeled,-1,0.0
IMG_ba43326507a4120a,03/80 and above/11/0796_20140417_HBi_03_RAY_1809.JPG,0796_20140417_HBi_03_RAY_1809.JPG,.jpg,6421470,3,3,2014-04-17,80_and_above,11,11.0,03_11,labeled,,,03::0796_20140417_HBi_03_RAY,filename_trailing_number,medium,4896,3264,JPEG,readable,42f8212c532da12251bd008fe3b94c2d6c1b63f3464775d66e7756b78eed42ae,unknown,pending,unreviewed,,,03_11.0,labeled,1,0.9606654363537022
IMG_b6342a46f1941cbd,03/80 and above/11/0914_20140417_HBi_03_RAY_1987.JPG,0914_20140417_HBi_03_RAY_1987.JPG,.jpg,2780673,3,3,2014-04-17,80_and_above,11,11.0,03_11,labeled,,,03::0914_20140417_HBi_03_RAY,filename_trailing_number,medium,3227,1357,JPEG,readable,6e1c96f9c33b31c5848974c188f00df8c43a0a993ef59c909b746438a75b241b,unknown,pending,unreviewed,,,03_11.0,labeled,1,1.0
IMG_fe7f2235d9b43df5,03/80 and above/11/0915_20140417_HBi_03_RAY_1988.JPG,0915_20140417_HBi_03_RAY_1988.JPG,.jpg,7109965,3,3,2014-04-17,80_and_above,11,11.0,03_11,labeled,,,03::0915_20140417_HBi_03_RAY,filename_trailing_number,medium,4896,3264,JPEG,readable,b51f0c80a9309161ed0300753595f1eebd3e43cca536a268107bbbd24499239b,unknown,pending,unreviewed,,,03_11.0,labeled,1,1.0
IMG_250269a43b645325,03/80 and above/11/0916_20140417_HBi_03_RAY_1989.JPG,0916_20140417_HBi_03_RAY_1989.JPG,.jpg,6954735,3,3,2014-04-17,80_and_above,11,11.0,03_11,labeled,,,03::0916_20140417_HBi_03_RAY,filename_trailing_number,medium,4896,3264,JPEG,readable,85c5ac31563df0d54f4c1f7e7a1f1cefc10856157af2d8491612a2e7b3949755,unknown,pending,unreviewed,,,03_11.0,labeled,1,1.0
IMG_eb1dc97cf3a61160,03/80 and above/12/0492_20140417_HBi_03_RAY_1227.JPG,0492_20140417_HBi_03_RAY_1227.JPG,.jpg,1649494,3,3,2014-04-17,80_and_above,12,12.0,03_12,labeled,,,03::0492_20140417_HBi_03_RAY,filename_trailing_number,medium,3265,885,JPEG,readable,fb696344ec3528f6a83a9602376049010599b16542a568b265c24f041de31629,unknown,pending,unreviewed,,,03_12.0,labeled,-1,0.0
IMG_a2576526ef3d66cc,03/80 and above/13/0496_20140417_HBi_03_RAY_1233.JPG,0496_20140417_HBi_03_RAY_1233.JPG,.jpg,836641,3,3,2014-04-17,80_and_above,13,13.0,03_13,labeled,,,03::0496_20140417_HBi_03_RAY,filename_trailing_number,medium,1450,904,JPEG,readable,8790cf0ec6dcfdfd821543c0bb3f9f082384993d7b2ba7c3f0264e34d9238e7c,unknown,pending,unreviewed,,,03_13.0,labeled,-1,0.0
IMG_5a1b2dae985f3055,03/80 and above/13/0586_20140417_HBi_03_RAY_1376.JPG,0586_20140417_HBi_03_RAY_1376.JPG,.jpg,1131375,3,3,2014-04-17,80_and_above,13,13.0,03_13,labeled,,,03::0586_20140417_HBi_03_RAY,filename_trailing_number,medium,1993,880,JPEG,readable,a6715b0d630bad3148d556fc80ef64fffc88f25be1a7556813dc1516ce20728e,unknown,pending,unreviewed,,,03_13.0,labeled,-1,0.0
IMG_f0e20029fd5e8703,03/80 and above/14/0522_20140417_HBi_03_RAY_1263.JPG,0522_20140417_HBi_03_RAY_1263.JPG,.jpg,2023870,3,3,2014-04-17,80_and_above,14,14.0,03_14,labeled,,,03::0522_20140417_HBi_03_RAY,filename_trailing_number,medium,2910,1137,JPEG,readable,4034e64f0dfd311a03e622abde8810643c86ff419f19ee5d5de28b4fd9acf69e,unknown,pending,unreviewed,,,03_14.0,labeled,2,1.0
IMG_23eee2d344e472b9,03/80 and above/14/0523_20140417_HBi_03_RAY_1264.JPG,0523_20140417_HBi_03_RAY_1264.JPG,.jpg,6373290,3,3,2014-04-17,80_and_above,14,14.0,03_14,labeled,,,03::0523_20140417_HBi_03_RAY,filename_trailing_number,medium,4896,3264,JPEG,readable,2523b4788672cb908c54fb2f8c960e9b08bb8ccac696bba5ab64701bfe9b43bb,unknown,pending,unreviewed,,,03_14.0,labeled,1,0.8113128224640727
IMG_8579e0f92fd66f9d,03/80 and above/14/0805_20140417_HBi_03_RAY_1821.JPG,0805_20140417_HBi_03_RAY_1821.JPG,.jpg,1108623,3,3,2014-04-17,80_and_above,14,14.0,03_14,labeled,,,03::0805_20140417_HBi_03_RAY,filename_trailing_number,medium,2302,750,JPEG,readable,a24aa415240886d20b012ae168e26a8daa7b03430c14f588b0712830ccee0949,unknown,pending,unreviewed,,,03_14.0,labeled,-1,0.0
IMG_ddd70b9780e4c7de,03/80 and above/15/0601_20140417_HBi_03_RAY_1404.JPG,0601_20140417_HBi_03_RAY_1404.JPG,.jpg,515467,3,3,2014-04-17,80_and_above,15,15.0,03_15,labeled,,,03::0601_20140417_HBi_03_RAY,filename_trailing_number,medium,1511,506,JPEG,readable,5e07109e8bce40893cb3e33e4fa7f447d39a06c838b7191837204a9a4919047b,unknown,pending,unreviewed,,,03_15.0,labeled,1,0.8469793052687924
IMG_3cda19cb77f73495,03/80 and above/16/0672_20140417_HBi_03_RAY_1545.JPG,0672_20140417_HBi_03_RAY_1545.JPG,.jpg,2606441,3,3,2014-04-17,80_and_above,16,16.0,03_16,labeled,,,03::0672_20140417_HBi_03_RAY,filename_trailing_number,medium,3176,1343,JPEG,readable,f877b3a1d61209d6898dde6838bd7df5fbb78b1bdf774efeab5a3d9d7c886add,unknown,pending,unreviewed,,,03_16.0,labeled,-1,0.0
IMG_43f6242b9c65ab2d,03/80 and above/16/0722_20140417_HBi_03_RAY_1670.JPG,0722_20140417_HBi_03_RAY_1670.JPG,.jpg,6825869,3,3,2014-04-17,80_and_above,16,16.0,03_16,labeled,,,03::0722_20140417_HBi_03_RAY,filename_trailing_number,medium,4896,3264,JPEG,readable,26cc9d92e0d6cddc3e10a52461329632a5b358af9a612b33dbb2d6ca52e73595,unknown,pending,unreviewed,,,03_16.0,labeled,-1,0.0
IMG_84f7a1d69468357d,03/80 and above/16/0910_20140417_HBi_03_RAY_1983.JPG,0910_20140417_HBi_03_RAY_1983.JPG,.jpg,6509848,3,3,2014-04-17,80_and_above,16,16.0,03_16,labeled,,,03::0910_20140417_HBi_03_RAY,filename_trailing_number,medium,4896,3264,JPEG,readable,8e7b8c401b8208e9b89ec2089f20b8663aa7fd65cc164b8744b31762deb5e060,unknown,pending,unreviewed,,,03_16.0,labeled,1,1.0
IMG_ba4f15b50f74beff,03/80 and above/16/0911_20140417_HBi_03_RAY_1984.JPG,0911_20140417_HBi_03_RAY_1984.JPG,.jpg,6534279,3,3,2014-04-17,80_and_above,16,16.0,03_16,labeled,,,03::0911_20140417_HBi_03_RAY,filename_trailing_number,medium,4896,3264,JPEG,readable,0be98e7add911dca04045626f4cc61502de3ceba2ca36ab8e3090c779b86028f,unknown,pending,unreviewed,,,03_16.0,labeled,1,1.0
IMG_db9875e2b237edd3,03/80 and above/16/0920_20140417_HBi_03_RAY_1993.JPG,0920_20140417_HBi_03_RAY_1993.JPG,.jpg,7004825,3,3,2014-04-17,80_and_above,16,16.0,03_16,labeled,,,03::0920_20140417_HBi_03_RAY,filename_trailing_number,medium,4874,2681,JPEG,readable,c1ea1a6eb709c78476d9e8d5724adb3e3e46eaa083ee10c11213838fe29ea6e0,unknown,pending,unreviewed,,,03_16.0,labeled,-1,0.0
IMG_5ce0980d29583409,03/80 and above/17/0676_20140417_HBi_03_RAY_1550.JPG,0676_20140417_HBi_03_RAY_1550.JPG,.jpg,3194525,3,3,2014-04-17,80_and_above,17,17.0,03_17,labeled,,,03::0676_20140417_HBi_03_RAY,filename_trailing_number,medium,3111,1774,JPEG,readable,0072ba7882037c1aa4997dfb5776a161e8d19bb4be6ade5ed2005208ecce3e87,unknown,pending,unreviewed,,,03_17.0,labeled,1,0.7983082089848571
IMG_5ded501d0f5b1c92,03/80 and above/18/0682_20140417_HBi_03_RAY_1558.JPG,0682_20140417_HBi_03_RAY_1558.JPG,.jpg,2433148,3,3,2014-04-17,80_and_above,18,18.0,03_18,labeled,,,03::0682_20140417_HBi_03_RAY,filename_trailing_number,medium,3214,1278,JPEG,readable,a2e15dd9836b9a137d0e6ff6ef56c7a0fe8e32380541c081c7ac18673d1632b1,unknown,pending,unreviewed,,,03_18.0,labeled,-1,0.0
IMG_88989ec7c9b90745,03/80 and above/18/0683_20140417_HBi_03_RAY_1559.JPG,0683_20140417_HBi_03_RAY_1559.JPG,.jpg,6129113,3,3,2014-04-17,80_and_above,18,18.0,03_18,labeled,,,03::0683_20140417_HBi_03_RAY,filename_trailing_number,medium,4896,3264,JPEG,readable,21a5d23b65c843b38b2cfcd9628bbe0bed3f5a4eb8f6cf91006a7967beb02466,unknown,pending,unreviewed,,,03_18.0,labeled,-1,0.0
IMG_ada3c7714cd970b3,03/80 and above/19/0158_20140417_HBi_03_RAY_2081.JPG,0158_20140417_HBi_03_RAY_2081.JPG,.jpg,4840492,3,3,2014-04-17,80_and_above,19,19.0,03_19,labeled,,,03::0158_20140417_HBi_03_RAY,filename_trailing_number,medium,4827,1652,JPEG,readable,d06c2c6969b0da77f08a967653fbbdbfe18b1785e5407e4dd1bcf4c1acb6a744,unknown,pending,unreviewed,,,03_19.0,labeled,-1,0.0
IMG_1d5206db18203ba7,03/80 and above/19/0160_20140417_HBi_03_RAY_2085.JPG,0160_20140417_HBi_03_RAY_2085.JPG,.jpg,5829312,3,3,2014-04-17,80_and_above,19,19.0,03_19,labeled,,,03::0160_20140417_HBi_03_RAY,filename_trailing_number,medium,4896,3264,JPEG,readable,e914f3231b000855a410402c667e77cd30f4c7c1456238fbefc57f179a954583,unknown,pending,unreviewed,,,03_19.0,labeled,1,1.0
IMG_14e79d03c1704745,03/80 and above/19/0795_20140417_HBi_03_RAY_1808.JPG,0795_20140417_HBi_03_RAY_1808.JPG,.jpg,8480604,3,3,2014-04-17,80_and_above,19,19.0,03_19,labeled,,,03::0795_20140417_HBi_03_RAY,filename_trailing_number,medium,4896,3264,JPEG,readable,ca3d21d96f68425b38257685f85e5968f5c28305e266cc01c5f7dcd3ec56b2a7,unknown,pending,unreviewed,,,03_19.0,labeled,1,0.8330522624240301
IMG_c57f9d611fd1635a,03/80 and above/20/0142_20140417_HBi_03_RAY_2013.JPG,0142_20140417_HBi_03_RAY_2013.JPG,.jpg,5094751,3,3,2014-04-17,80_and_above,20,20.0,03_20,labeled,,,03::0142_20140417_HBi_03_RAY,filename_trailing_number,medium,4896,3264,JPEG,readable,f6116384079272ec2ec48e0317fa23b75fa8596a6aa8aff62fa8c2319a82de43,unknown,pending,unreviewed,,,03_20.0,labeled,-1,0.0
IMG_97c531019a7ad5ae,03/80 and above/20/0143_20140417_HBi_03_RAY_2014.JPG,0143_20140417_HBi_03_RAY_2014.JPG,.jpg,5064044,3,3,2014-04-17,80_and_above,20,20.0,03_20,labeled,,,03::0143_20140417_HBi_03_RAY,filename_trailing_number,medium,4416,2475,JPEG,readable,1a4acfc536953329af1ec1d2d7b7a1f30faba13385708573f3138838406ffb2e,unknown,pending,unreviewed,,,03_20.0,labeled,-1,0.0
IMG_d71fa1d9962a816c,03/80 and above/20/0912_20140417_HBi_03_RAY_1985.JPG,0912_20140417_HBi_03_RAY_1985.JPG,.jpg,7141653,3,3,2014-04-17,80_and_above,20,20.0,03_20,labeled,,,03::0912_20140417_HBi_03_RAY,filename_trailing_number,medium,4896,3264,JPEG,readable,d7ce65a2089f2e8b344582c20d7ee9b0182f7f350533abb3f2e538471e9115a3,unknown,pending,unreviewed,,,03_20.0,labeled,1,1.0
IMG_56c52fd2b2f396b8,03/80 and above/20/0913_20140417_HBi_03_RAY_1986.JPG,0913_20140417_HBi_03_RAY_1986.JPG,.jpg,1343697,3,3,2014-04-17,80_and_above,20,20.0,03_20,labeled,,,03::0913_20140417_HBi_03_RAY,filename_trailing_number,medium,2030,1081,JPEG,readable,528d6b0acc6517a947ec96099079c5c43b2db5277abfd5ee4060963a9e312201,unknown,pending,unreviewed,,,03_20.0,labeled,1,1.0
IMG_3ba45ee470395152,03/80 and above/27/0149_20140417_HBi_03_RAY_2028.JPG,0149_20140417_HBi_03_RAY_2028.JPG,.jpg,1402355,3,3,2014-04-17,80_and_above,27,27.0,03_27,labeled,,,03::0149_20140417_HBi_03_RAY,filename_trailing_number,medium,2283,1049,JPEG,readable,151fff0878be85dcb5d21776db8ac116a3e6dd478d891e4af10e878ba486f545,unknown,pending,unreviewed,,,03_27.0,labeled,-1,0.0
IMG_a606bdc025c9a6f7,03/80 and above/27/0150_20140417_HBi_03_RAY_2029.JPG,0150_20140417_HBi_03_RAY_2029.JPG,.jpg,6161708,3,3,2014-04-17,80_and_above,27,27.0,03_27,labeled,,,03::0150_20140417_HBi_03_RAY,filename_trailing_number,medium,4896,3264,JPEG,readable,20bafa751fdda0dd71a92cef78e13fa375d870f47ef1810132b62f225a7d64c3,unknown,pending,unreviewed,,,03_27.0,labeled,1,0.8554387592747502
IMG_0477741c24dab835,03/80 and above/31/0166_20140417_HBi_03_RAY_2108.JPG,0166_20140417_HBi_03_RAY_2108.JPG,.jpg,1871071,3,3,2014-04-17,80_and_above,31,31.0,03_31,labeled,,,03::0166_20140417_HBi_03_RAY,filename_trailing_number,medium,2816,1235,JPEG,readable,ce47764cb71c5d6cfb9097c451a0652058626ced5a2d29dbb3479e4970ca151d,unknown,pending,unreviewed,,,03_31.0,labeled,-1,0.0
IMG_8e3a299e2759fd8a,03/80 and above/31/0167_20140417_HBi_03_RAY_2109.JPG,0167_20140417_HBi_03_RAY_2109.JPG,.jpg,4720423,3,3,2014-04-17,80_and_above,31,31.0,03_31,labeled,,,03::0167_20140417_HBi_03_RAY,filename_trailing_number,medium,4896,3264,JPEG,readable,da6dd6e169e1323a4652710fc18f38687fbbff804f8cc6ccd5f9f59d86c7e6ae,unknown,pending,unreviewed,,,03_31.0,labeled,1,0.8310223770136533
